"treatment","timestep","comp","plot_id","tree_carbon_Live","tree_carbon_Snag","understory_carbon","duff_carbon","litter_carbon","fines_carbon","coarse_carbon","fuels_carbon","soil_carbon","all_carbon"
"burn","post_18",60,"0060-00021",156.191389638046,1.7920310442639,0.128919375,3.707912819847,8.602542405285,1.29360247525,1.28046427375,14.884521974132,46.3876696817035,219.384531713145
"burn","post_18",60,"0060-00027",90.4070113969824,0,0.773516248,10.39587075,6.00240608,1.78588121275,0,18.18415804275,42.1603918798549,151.525077567587
"burn","post_18",60,"0060-00101",99.8710059566163,3.73605707955071,0,4.14823226068,27.136921865735,3.17246445625,0,34.457618582665,113.264986420834,251.329668039666
"burn","post_18",60,"0060-00102",178.016152390597,10.18655138398,0.773516248,2.130655573836,5.103665036468,1.1839692135,99.670954505,108.089244328804,82.0579080107472,379.123372362128
"burn","post_18",60,"0060-00103",139.335731392212,4.08853922858693,3.249268241,17.42415149516,9.7378982288,2.7875217115,0,29.94957143546,82.7010160775189,259.324126374778
"burn","post_18",60,"0060-00104",138.411746992626,0,0,6.97866892752,6.18459761712,1.5837227885,0,14.74698933314,46.5167341858071,199.675470511574
"burn","post_18",60,"0060-00105",158.173735371609,8.8371111483019,0,9.32249006457,2.030250278789,5.71512057725,4.3287457225,21.396606643109,58.6567683562514,247.064221519271
"burn","post_18",60,"0060-00106",180.506820392201,4.29982133362832,0,14.04389269216,7.61558204042,8.50111300575,17.526732835,47.68732057333,74.3972687637963,306.891231062955
"burn","post_18",60,"0060-00107",91.0701608132328,0,0.773516248,7.60128358028,14.26198634449,0.6839683775,5.65922272625,28.20646102852,74.4987653309228,194.548903420676
"burn","post_18",60,"0060-00109",268.799307535448,1.06402460808517,0,2.674746682018,9.634850974105,4.34060740825,8.3058013085,24.956006372873,67.6186922104511,362.438030726858
"burn","post_18",60,"0060-00111",163.222451593975,2.43984156265349,0,4.64262330974,6.424486915525,2.12177185,46.8531640075,60.042046082765,62.9259140616557,288.63025330105
"burn","post_18",60,"0060-00112",152.105901239977,0,0,11.62055466769,6.386626646205,2.336643313,0,20.343824626895,59.5633701437011,232.013096010573
"burn","post_18",60,"0060-00113",175.247970545215,0,3.248768241,2.624739449063,10.04211880524,6.90837250875,5.1502647425,24.725495505553,49.322664782388,252.544899074156
"burn","post_18",60,"0060-00114",240.808249712432,3.90973515051442,0.773516248,5.016257008539,8.617326388835,3.30437902925,9.4811042825,26.419066709124,77.3846763092308,349.295244129302
"burn","post_18",60,"0060-00116",149.705196645433,0,3.248768241,6.64950799282,11.11410389515,2.3258240655,3.16768845,23.25712440347,58.6633380992007,234.874427389104
"burn","post_18",60,"0060-00117",262.680049764128,0,0.773516248,6.85281098115,7.177442355475,2.748187253,1.78859221675,18.567032806375,93.8184833720337,375.839082190537
"burn","post_18",60,"0060-00119",259.979843735722,16.4348796424147,0,7.70019678789,18.24280030265,3.97232936725,0,29.91532645779,98.8992489264119,405.229298762339
"burn","post_18",340,"0340-00006",154.740671352752,27.4945570602509,0.607414266,0,2.290827691833,3.7647556445,10.04995352,16.105536856333,51.2900740971871,250.238253632523
"burn","post_18",340,"0340-00013",159.125708993608,0,0,2.619376812738,17.13773777046,6.97100306225,6.9508034625,33.678921107948,51.9861439703161,244.790774071872
"burn","post_18",340,"0340-00024",298.488038450913,10.3303180289162,0,0,31.215315212955,3.1790407655,25.45202117225,59.846377150705,33.0133077417828,401.678041372317
"burn","post_18",340,"0340-00025",137.002949078061,1.87335155921559,0,9.07267277495,18.99968755249,2.43722973275,14.68344239725,45.19303245744,77.2124402893052,261.281773384022
"burn","post_18",340,"0340-00026",81.7427975687073,0,0,0,11.326554068045,4.56939668775,2.64580219,18.541752945795,46.305990632156,146.590541146658
"burn","post_18",340,"0340-00103",231.289939009596,9.91410551666872,3.856182507,8.072258590017,8.6249340605945,6.39417951975,45.80590452,68.8972766903615,73.4576507606624,387.415154484288
"burn","post_18",340,"0340-00104",158.379205709166,13.4526579203828,0.773516248,9.7908813451,9.641036681885,4.0047782145,1.01500914775,24.451705389235,67.2400533340964,264.29713860088
"burn","post_18",340,"0340-00108",122.836635394752,1.24910407348081,0,1.119654378714,12.672478658862,7.438741588,3.62364490225,24.854519527826,58.1140681209996,207.054327117058
"burn","post_18",340,"0340-00109",136.06317206852,1.9323653351018,0,0,8.81105614292,2.9007600305,2.28652883925,13.99834501267,79.0736259941077,231.067508410399
"burn","post_18",340,"0340-00111",109.630620670922,0,0.773516248,0,21.392013694105,2.028139212,26.32874510125,49.748898007355,46.0273161837286,206.180351110006
"burn","post_18",340,"0340-00112",456.683038728231,5.91968422128722,0,0,9.06802687486,2.377011525,2.2998283605,13.74486676036,40.2384898132516,516.58607952313
"burn","post_18",340,"0340-00113",181.844528229133,3.71388381112472,0.230155086,3.42881971292,2.3515919824485,2.13756674525,21.77731726,29.6952957006185,45.8420179426765,261.325880769553
"burn","post_18",340,"0340-00114",224.871246759644,0,0.101235711,10.51860821112,37.631385513075,9.99445281425,7.5175759525,65.662022490945,59.2022000596051,349.836705021194
"burn","post_18",340,"0340-00115",147.777623411387,13.4965068259374,0.129419375,5.150896985314,8.224407888425,7.4200975275,6.989685479,27.785087880239,75.4371602652148,264.625797757778
"burn","post_18",340,"0340-00116",172.102430496076,20.6198069015982,5e-04,0,7.268170660381,7.654232602,17.4270600995,32.349463361881,53.5281190554812,278.600319815036
"burn","post_18",340,"0340-00117",124.135085184989,55.996578816872,0.128919375,1.414018511208,26.419198068165,5.986269715,0,33.819486294373,47.2175466215919,261.297616292825
"burn","post_18",340,"0340-00121",239.201429305765,1.9672781930995,3.856182507,7.898338942044,3.472555972996,4.2558724955,2.219426472,17.84619388254,61.3300257634793,324.201109651884
"burn","post_18",340,"0340-00122",145.304205255723,7.97494537959941,0,1.7447133,18.522315,4.5721579995,1.41814588075,26.25733218025,71.5133492954542,251.049832111027
"burn","post_18",340,"0340-00123",353.009549291043,2.16227183206074,0.129419375,1.74011271259,1.857361314056,0.6250406385,0,4.222514665146,59.7172733292119,419.241028492462
"burn","post_18",340,"0340-00124",138.285390285226,10.0619285133708,0.0126,0,18.83405291852,2.7887765765,81.0499614025,102.67279089752,66.6585316152636,317.69124131138
"burn","post_18",400,"0400-00002",50.6233619450859,35.2620655253838,0.128919375,1.056105403785,16.31540677165,8.9657681365,4.5587779425,30.896058254435,52.5857424657265,169.496147565631
"burn","post_18",400,"0400-00009",161.072182768217,21.3960645484439,0,0.696704149657,6.7770631932135,4.56632833425,5.4529775275,17.4930732046205,57.3996007137829,257.360921235064
"burn","post_18",400,"0400-00022",245.352591609442,0,0,0.616942910246,7.10052907096,3.57707081075,1.0462144445,12.340757236456,52.5973443792965,310.290693225195
"burn","post_18",400,"0400-00023",80.1218973280554,0.559471209218344,0,2.463255127712,8.166202561075,4.442757738,5.423961787,20.496177213787,59.7649347597337,160.942480510794
"burn","post_18",400,"0400-00024",261.333757901987,20.3255641428312,0.129419375,0.955471003825,9.725933551795,2.77208063025,12.6774839285,26.13096911437,41.0031167172133,348.922827251401
"burn","post_18",400,"0400-00101",173.632918206512,3.14737249296638,0,4.945982817339,5.563954709474,2.313857449,0,12.823794975813,58.2299065332949,247.833992208586
"burn","post_18",400,"0400-00102",125.106754895519,0,0,2.61407064787,6.77245292419,7.07072150675,6.015910915,22.47315599381,48.0308887832038,195.610799672533
"burn","post_18",400,"0400-00103",232.4177699682,5.16909933779298,0.773516248,0,5.9132278868245,3.59325305075,4.85832191475,14.3648028523245,80.0965806525663,332.821769058884
"burn","post_18",400,"0400-00104",143.942956001091,2.38849156922969,0.773516248,0,10.74145871555,3.17994857025,0,13.9214072858,53.6329852704356,214.659356374556
"burn","post_18",400,"0400-00105",302.199983342728,0.719723328880565,0,0.976584311373,5.6781330687065,1.09975208425,3.14418431,10.8986537743295,72.6746109951495,386.492971441087
"burn","post_18",400,"0400-00106",415.161602051814,0,0,5.69590835976,2.5267950971135,0.69227425575,2.5211591875,11.4361369001235,46.3868439027769,472.984582854714
"burn","post_18",400,"0400-00108",222.165928515261,4.8381447417655,0,0,4.635597309786,3.96887561275,1.18624684625,9.790719768786,49.994015945338,286.78880897115
"burn","post_18",400,"0400-00109",206.853733537128,0,0,0.660867902823,11.35934831869,1.356705189,0,13.376921410513,45.343409810888,265.574064758528
"burn","post_18",400,"0400-00110",177.087972377524,49.5548589383169,0,0.326284535009,7.335648923025,2.37390668575,0.58782143575,10.623661579534,53.8610960462666,291.127588941642
"burn","post_18",400,"0400-00116",181.612075055815,5.31580780692237,1.381430514,5.743869210697,5.32871994405,0.35746161575,6.878173258,18.308224028497,64.2996848154398,270.917222220674
"burn","post_18",400,"0400-00118",157.578574282072,3.858014202866,0.773516248,0,7.98228068878,2.8175613925,4.98570759175,15.78554967303,60.356779614493,238.352434020461
"burn","post_18",400,"0400-00119",96.2974472560908,0.512407787949924,0.736833641,0,2.29308948804,2.693032823,21.73713226,26.72325457104,57.5088218131121,181.778765069193
"burn","post_18",400,"0400-00120",234.462397178639,0,0.129419375,5.85227074655,3.949219649799,3.56434302725,0,13.365833423599,53.4314204794968,301.389070456735
"burn","post_18",400,"0400-00121",290.264953810922,0,0,3.944480414613,4.0060314367395,3.4372631225,2.102629381,13.4904043548525,45.8560631024118,349.611421268186
"burn","pre_treatment",60,"0060-00021",148.942893046273,0,0,25.8840255098,9.64997959865,4.466975916,7.858403785,47.85938480945,71.1585462594549,267.960824115178
"burn","pre_treatment",60,"0060-00027",53.6415420535672,3.24021455726048,0.773516248,11.99359439888,8.677608586488,11.96625533775,4.14664994775,36.784108270868,57.7537129387807,152.193094068476
"burn","pre_treatment",60,"0060-00101",76.1887622545748,0,0.101235711,40.39837283362,17.328209046295,4.903220677,9.41186312,72.041665676915,66.1655321814929,214.497195823983
"burn","pre_treatment",60,"0060-00102",211.090586968245,0,0.101235711,45.2005115592,13.827960863655,9.22844543975,2.678201252,70.935119114605,63.3658131331568,345.492754927007
"burn","pre_treatment",60,"0060-00103",112.951370535723,0,1.002708664,12.207858311,11.604457242965,12.78090052325,0,36.593216077215,60.2316158295644,210.778911106502
"burn","pre_treatment",60,"0060-00104",70.2404944810185,0,2.851940004,29.0049045615,19.41050607738,4.932327724,9.84801922,63.19575758288,59.3794067190324,195.667598786931
"burn","pre_treatment",60,"0060-00105",125.404528432227,0,0.202971422,11.3663904151,14.121896774795,6.8596976795,6.4172175555,38.765202424895,60.6435654318706,225.016267710993
"burn","pre_treatment",60,"0060-00106",134.436941332909,0,0,48.2694631227,10.65653905678,6.2493480505,14.6221967475,79.79754697748,70.0123014704735,284.246789780862
"burn","pre_treatment",60,"0060-00107",65.6578101920386,0,1.344098405,0,12.195731425375,6.837060262,16.527350278,35.560141965375,70.580171128029,173.142221690443
"burn","pre_treatment",60,"0060-00109",188.564516248978,3.73288001378519,0,5.2898748318,8.4382035140865,3.01162356925,22.5862775665,39.3259794816365,49.3009803979456,280.924356142346
"burn","pre_treatment",60,"0060-00111",113.223392585149,0,0.435126508,36.48133590381,12.122909382485,13.0097693685,8.0901311425,69.704145797295,57.7490701742458,241.11173506469
"burn","pre_treatment",60,"0060-00112",113.952471746209,0,0.402370483,17.02882309998,9.34430002124,6.6412747645,0,33.01439788572,64.571847810981,211.94108792591
"burn","pre_treatment",60,"0060-00113",113.219039882626,0,0.103235711,9.155725125958,7.075944239053,11.417248807,10.54233707,38.191255242011,61.2906827896119,212.804213625249
"burn","pre_treatment",60,"0060-00114",209.129307256733,127.36584650153,0.573251195,2.76995490506,12.788418697675,4.2571003255,39.1564000035,58.971873931735,73.3072650921169,469.347543977114
"burn","pre_treatment",60,"0060-00116",147.956134494188,4.7508458410622,1.26615512,8.33604567376,10.10507534136,6.7792080705,16.64689332,41.86722240562,81.6915615432954,277.531919404165
"burn","pre_treatment",60,"0060-00117",185.640688017997,0,1.678561563,5.41123249734,6.974443053867,5.922054937,0,18.307730488207,56.8183245452452,262.445304614449
"burn","pre_treatment",60,"0060-00119",206.621920960029,0,0.204971422,19.19342104887,9.43714928655,10.27775070325,27.837798155,66.74611919367,58.9087642450276,332.481775820727
"burn","pre_treatment",340,"0340-00006",124.258575939758,1.35914818222133,3.287473558,3.97872039222,1.161551798655,2.18310908875,18.06008991975,25.383471199375,49.0491337425385,203.337802621893
"burn","pre_treatment",340,"0340-00013",133.288254172902,0,0.708649977,23.49785604529,9.5964609381015,4.3835211605,1.989124607,39.4669627508915,38.0288240613257,211.492690962119
"burn","pre_treatment",340,"0340-00024",223.787629445155,2.37258634152754,0,19.71215353541,11.29004741395,1.61764392225,16.37945973825,48.99930460986,57.4081496821619,332.567670078704
"burn","pre_treatment",340,"0340-00025",74.4424745303345,0,0,14.51684218438,5.6162361733695,4.9821269955,18.801615655,43.9168210082495,77.3326125361698,195.691908074754
"burn","pre_treatment",340,"0340-00026",124.583813067649,8.002826015343,0.101735711,2.955165715848,3.4089673870105,2.58465047825,34.17373972,43.1225233011085,45.2773337521734,221.088231847274
"burn","pre_treatment",340,"0340-00103",228.910167611686,6.83189306585241,0.203971422,19.33458627927,9.485874001345,4.95785736575,29.430659825,63.208977471365,47.867055798548,347.022065369451
"burn","pre_treatment",340,"0340-00104",115.119045416198,0,2.9550104,9.30392952093,22.35215975196,14.595442623,3.65787503775,49.90940693364,50.4296722055208,218.413134955358
"burn","pre_treatment",340,"0340-00108",81.8454940925122,0,0.980194039,4.48188369135,6.506195179904,6.9839943545,18.7007525185,36.672825744254,55.5594709984422,175.057984874208
"burn","pre_treatment",340,"0340-00109",84.1291446313591,2.02569940677494,0.303134772,2.7253709742,1.843672959353,3.6254433725,1.5221997915,9.716687097553,48.5066128167463,144.681278724433
"burn","pre_treatment",340,"0340-00111",97.5675794810945,57.5248685900947,0,18.88184204873,4.109671786795,10.51708640475,94.096783071,127.605383311275,56.1884228022301,338.886254184694
"burn","pre_treatment",340,"0340-00112",393.723747590662,46.9389306764116,0.102235711,16.10804000134,11.42013861671,10.14823255475,8.1039953075,45.7804064803,45.7927714198856,532.338091878259
"burn","pre_treatment",340,"0340-00113",260.031158864205,0,0.102735711,31.56913300588,7.254386505885,1.571890484,29.82204833,70.217458325765,42.3267950032917,372.678147904262
"burn","pre_treatment",340,"0340-00114",191.883397954103,3.531027444308,1.420227593,19.64718851223,6.613809208245,5.42998052675,33.1344858375,64.825464084725,50.7560052814869,312.416122357623
"burn","pre_treatment",340,"0340-00115",77.573164562608,0,0,4.083318617608,6.50322495712,8.532101522,1.44066253475,20.559307631478,63.6072388697283,161.739711063814
"burn","pre_treatment",340,"0340-00116",173.535717200747,0,1.013784749,1.292937866892,4.758359511921,1.92471789225,8.47599420475,16.452009475813,55.469905993744,246.471417419304
"burn","pre_treatment",340,"0340-00117",145.24990748245,37.349316878673,1.429154755,4.159107082589,4.9662347019485,4.0296473725,10.89662721075,24.0516163677875,47.1137498033428,255.193745287254
"burn","pre_treatment",340,"0340-00121",157.504640753691,15.0740183728349,5.17375952,0,4.601755571645,2.86012693625,20.0426600125,27.504542520395,45.8084134827694,251.06537464969
"burn","pre_treatment",340,"0340-00122",129.46058662015,10.5189392791291,0.979194039,53.857743514,7.17642440136,13.68385784925,15.3436171425,90.06164290711,51.844384381797,282.864747227186
"burn","pre_treatment",340,"0340-00123",230.578224470092,1.34358201134894,0.575251195,9.42112041262,5.55368808821,5.436099772,0,20.41090827283,52.3303936453826,305.238359594654
"burn","pre_treatment",340,"0340-00124",131.445237228661,0,0.122127543,20.87421838178,17.10539976696,16.666236593,25.8155848925,80.46143963424,62.9899696520794,275.018774057981
"burn","pre_treatment",400,"0400-00002",92.2602426834873,0,0,0,2.510594219897,2.19761503025,5.876264355,10.584473605147,66.1885977967459,169.03331408538
"burn","pre_treatment",400,"0400-00009",160.055465188704,1.26805766252424,0,26.03818815653,4.388289740652,2.4530209425,2.275888566,35.155387405682,58.2368728056807,254.715783062591
"burn","pre_treatment",400,"0400-00022",189.588648383123,0,0,16.18696686496,6.81545116007,3.683503893,67.184919925,93.87084184303,57.2209729082782,340.680463134431
"burn","pre_treatment",400,"0400-00023",49.2411316606315,0,0,0,2.597972044286,2.19302899325,12.6251761475,17.416177185036,47.3615778395822,114.01888668525
"burn","pre_treatment",400,"0400-00024",199.259506559435,0,0,26.5922418754,8.10326891336,5.18632078775,17.3522106525,57.23404222901,59.7367473174942,316.230296105939
"burn","pre_treatment",400,"0400-00101",122.390102374471,0,0.175715397,31.3007185889,10.62145774587,6.17731457375,4.152002225,52.25149313352,68.3549811154472,243.172292020438
"burn","pre_treatment",400,"0400-00102",108.075187749509,2.45706260800086,0.526786135,2.568184739846,14.9718943687,3.16305600725,8.2418178425,28.944952958296,51.972378393692,191.976367844498
"burn","pre_treatment",400,"0400-00103",165.230911041619,0,0.305707133,6.35500937081,4.6245712136485,5.28620587525,3.6929704525,19.9587569122085,56.6825172568913,242.177892343719
"burn","pre_treatment",400,"0400-00104",133.218543046788,3.49106435630354,0.103735711,21.2512909794,11.15054622697,4.325897957,0,36.72773516337,51.0481650704335,224.589243347895
"burn","pre_treatment",400,"0400-00105",175.641556425933,1.36584948025138,0.104235711,0,8.476504336935,1.7351252265,1.820933782,12.032563345435,43.1724974012961,232.316702363915
"burn","pre_treatment",400,"0400-00106",270.667467804919,0,0.0015,7.97144115978,12.019814885585,3.40751362325,14.95662519675,38.355394865365,50.2548566506512,359.279219320935
"burn","pre_treatment",400,"0400-00108",221.230065363505,7.42195934100159,0.103235711,27.05211326692,8.2225573353,3.11452734175,4.4915714595,42.88076940347,52.6916064567687,324.327636275745
"burn","pre_treatment",400,"0400-00109",129.482352555328,0,0.001,55.0818335544,9.09898002684,3.93930444425,1.83648994125,69.95660796674,66.878338688698,266.318299210766
"burn","pre_treatment",400,"0400-00110",180.532872676171,0,0.101235711,55.1355609066,12.78590077635,5.58133482925,6.5936451255,80.0964416377,80.6331155685277,341.363665593399
"burn","pre_treatment",400,"0400-00116",185.840072047701,2.83797809148958,0.231655086,32.70929948037,6.9073184067785,8.28088103875,80.3459250615,128.243423987399,50.123129016846,367.276258229435
"burn","pre_treatment",400,"0400-00118",111.962709416677,0,0.97798767,0,1.2688136786875,0.220363882,0,1.4891775606875,52.4986487844651,166.92852343183
"burn","pre_treatment",400,"0400-00119",95.7162223929091,0,0.104235711,29.6393964234,9.63237536172,7.1547254795,16.957101335,63.38359859962,59.25908841388,218.463145117409
"burn","pre_treatment",400,"0400-00120",154.080053122385,0,0.505613046,1.349057083955,5.2617318287165,3.8082154795,1.7008873045,12.1198916966715,65.1618390594393,231.867396924495
"burn","pre_treatment",400,"0400-00121",190.805700505511,0,0.101735711,33.07611233553,4.439950270386,5.57789864075,12.8475629575,55.941524204166,62.9518553265976,309.800815747275
"control","post_18",40,"0040-00002",196.528007389743,15.326334793301,0.101235711,17.26224931377,42.96031968491,12.729035313,9.3267694575,82.27837376918,41.4659405694955,335.69989223272
"control","post_18",40,"0040-00003",285.108958503747,0,0,16.9803929155,16.427744283395,3.0352187835,0,36.443355982395,65.3157177928354,386.868032278977
"control","post_18",40,"0040-00005",275.568547713912,7.31099135403666,2.551139917,14.22781907663,39.99555460138,2.652588753,2.979691882,59.85565431301,72.6292630085896,417.915596306548
"control","post_18",40,"0040-00012",168.393886204699,4.35511450363054,2.551139917,14.77355913065,24.78485293981,3.82063845425,3.484345969,46.86339649371,73.7813184388219,295.944855557861
"control","post_18",40,"0040-00101",249.886683809671,6.04367860843729,0.101235711,12.85364750148,10.937862827085,5.90803608475,9.13767166775,38.837218081065,69.3616596919023,364.230475902076
"control","post_18",40,"0040-00103",377.139541463553,8.96471164068596,0.607414266,19.78016304013,13.16701775864,0.8699843695,10.6358562975,44.45302146577,72.3073104084362,503.471999244446
"control","post_18",40,"0040-00104",330.932532342988,8.14998195446567,2.551139917,19.15656682618,17.91202835227,8.57598140575,18.13287650725,63.77745309145,53.8635055657158,459.274612871619
"control","post_18",40,"0040-00105",477.388426156106,73.1898386495261,0.736333641,17.95456675159,41.693353185235,6.19026577525,3.64079080475,69.478976516825,95.965755340347,716.759330303804
"control","post_18",40,"0040-00106",227.54661511335,16.1904816832486,2.551139917,14.95776868057,13.63729485002,11.73807651625,12.764504014,53.09764406084,46.9868068189427,346.372687593381
"control","post_18",40,"0040-00107",152.7683125302,36.7729605622688,0.607414266,14.07064089388,28.035082161885,9.40452273525,1.9416337795,53.451879570515,83.6119041966502,327.212471125634
"control","post_18",40,"0040-00108",115.968065975568,40.0480287007911,0,16.06008467217,6.41991692264,6.37241501925,6.7988508945,35.65126750856,75.9510883805316,267.618450565451
"control","post_18",40,"0040-00109",462.987205593943,1.47482009957455,0,20.48663738028,56.48422733505,12.5849608225,15.043690217,104.59951575483,83.740607403556,652.802148851904
"control","post_18",40,"0040-00110",545.738575795754,6.19677483902675,0,19.10941283288,14.61951765767,14.40612574975,16.655771141,64.7908273813,57.6079186642003,674.334096680281
"control","post_18",40,"0040-00111",258.940752215735,4.69772388937351,0.607414266,21.89754962596,31.59277837287,1.466937297,1.691230218,56.64849551383,80.2453605975039,401.139746482442
"control","post_18",40,"0040-00112",182.271192855035,6.48456412555954,0.101735711,13.981654600138,54.432821858425,21.2899656975,9.933731405,99.638173561063,70.1703703466058,358.666036599263
"control","post_18",40,"0040-00113",401.073835053276,9.75680828032238,0.607414266,3.092784274235,14.91515074624,8.94796728825,7.1537415125,34.109643821225,61.5256753843894,507.073376805212
"control","post_18",40,"0040-00114",150.056870465228,1.22796761052662,2.551139917,9.78845814425,125.05035834415,5.5138700495,4.6455317225,144.9982182604,69.371588239412,368.205784492566
"control","post_18",40,"0040-00116",204.334305426324,8.71897313409326,0.607414266,65.9014407075,18.73427876593,5.31786433475,8.126512997,98.08009680518,53.7718176136178,365.512607245215
"control","post_18",240,"0240-00003",209.301853693115,0,0.128919375,14.84316466622,21.277689622985,4.0975060195,25.659567095,65.877927403705,87.768260235976,363.076960707796
"control","post_18",240,"0240-00005",104.524139856381,28.3679126047357,0,3.434368855808,16.082357071295,4.52599634025,3.50183992025,27.544562187603,74.195681516224,234.632296164944
"control","post_18",240,"0240-00007",147.234406064411,6.02763470825604,0,36.55240062156,8.4609608817525,3.81711472175,2.2645760655,51.0950522905625,74.2526900528907,278.60978311612
"control","post_18",240,"0240-00009",209.584692168073,2.57476647314359,1.755054026,22.08234296423,30.110548171995,3.34452278175,3.69977857375,59.237192491725,53.3726822617569,326.524387420698
"control","post_18",240,"0240-00022",193.825748120886,6.26194385745725,0,55.4930649933,23.75389024717,3.24658943975,0,82.49354468022,112.385353497834,394.966590156398
"control","post_18",240,"0240-00026",234.095363322281,0,0,25.5377113137,17.185328473245,9.124659232,6.450779725,58.298478743945,113.133082470941,405.526924537167
"control","post_18",240,"0240-00101",184.576333870138,38.7404613151249,0.101235711,0.328276885631,13.53536561763,4.404907812,0,18.268550315261,53.4069949672476,295.093576178771
"control","post_18",240,"0240-00102",340.297797962812,2.20227283964071,0,19.51713806286,18.838463139365,10.744383508,9.39472912375,58.494713833975,85.2951869715483,486.289971607976
"control","post_18",240,"0240-00104",240.88735553835,0.831912309146687,0.101235711,17.13094234973,17.356408579855,5.679847283,3.38537904,43.552577252585,101.253849183409,386.62692999449
"control","post_18",240,"0240-00105",250.618473230081,8.63752963839514,0.101235711,12.6666441152,8.376650296473,4.39231994475,7.06594709975,32.501561456173,58.5934674876125,350.452267523262
"control","post_18",240,"0240-00106",274.959183829953,6.69590444943794,0,23.31033352748,81.1784163927,7.656420287,5.2720183205,117.41718852768,62.4326593578558,461.504936164927
"control","post_18",240,"0240-00107",130.144633054588,0,0,4.16319929005,10.19688566708,11.60077075575,23.91293417825,49.87378989113,69.0399780929732,249.058401038692
"control","post_18",240,"0240-00109",171.061730330107,2.50519417335658,0,53.3568592275,6.491565711955,2.276660832,8.538088542,70.663174313455,70.8151101726395,315.045208989559
"control","post_18",240,"0240-00110",83.8012425981895,13.180784730425,0,13.07464327058,29.579689424285,5.5926386965,2.219170032,50.466141423365,103.587395775026,251.035564527005
"control","post_18",240,"0240-00112",131.103796527465,30.6308346327703,0,37.03411472384,15.43557390917,4.7397973105,17.69131254,74.90079848351,102.370463611331,339.005893255077
"control","post_18",240,"0240-00113",313.265756076009,10.1273881715487,0,13.75216211039,18.56091615266,5.553252533,15.68522520925,53.5515560053,42.520907302165,419.465607555022
"control","post_18",240,"0240-00114",306.987703979066,1.7797235232819,0.101235711,53.9610295712,19.32363973048,2.13479926425,4.710957915,80.13042648093,67.9794656818878,456.978555376166
"control","post_18",240,"0240-00115",290.281161404793,13.8307733779653,0,44.77103140165,14.225836556905,6.42055873225,6.86694442925,72.284371120055,105.347191435738,481.743497338552
"control","post_18",590,"0590-00005",224.487949716169,0,1.139046989,21.75537610248,12.868989175205,4.70208544925,28.44712711425,67.773577841185,71.1277098765903,364.528284422944
"control","post_18",590,"0590-00009",162.810372011496,35.5090730111774,0,11.45661134387,13.529315080385,4.69404223775,3.356278655,33.036247317005,76.5767759559481,307.932468295627
"control","post_18",590,"0590-00013",247.605207416526,0,0.128919375,25.53524641226,18.31375184406,3.052379019,6.6298143005,53.53119157582,82.3062292284398,383.571547595786
"control","post_18",590,"0590-00021",152.922638317646,10.3319283991681,5e-04,36.54811013783,17.429024833135,8.751724528,18.585500135,81.314359633965,44.9435309536073,289.512957304386
"control","post_18",590,"0590-00101",70.6294485300866,0,0,22.7771405817,98.08511277855,3.72710534525,2.4356634815,127.025022187,68.3130219749707,265.967492692057
"control","post_18",590,"0590-00102",211.890161805271,2.18537170763739,0,20.01562411565,9.308333076985,3.2194052005,2.590788295,35.134150688135,57.4353447950008,306.645028996044
"control","post_18",590,"0590-00104",162.285570676356,0,0,15.29121660208,16.947406667875,3.71692593575,2.5574367375,38.512985943205,47.8920600399346,248.690616659496
"control","post_18",590,"0590-00105",248.061201721823,0,0,24.17264319328,15.649809456365,7.0298981,11.070811995,57.923162744645,70.376050021828,376.360414488296
"control","post_18",590,"0590-00106",382.160583790769,4.83459247282919,1.138546989,36.01611535413,23.4599871581,2.87955883275,12.3278698,74.68353114498,72.0997354176306,534.916989815209
"control","post_18",590,"0590-00107",303.777235570976,0,0,26.2537639657,16.536662750805,2.3554168515,38.10656494875,83.252408516755,83.6405943772599,470.67023846499
"control","post_18",590,"0590-00109",416.717387576758,0.707870374905576,0.230155086,23.10495986114,13.779004757665,2.7722083975,3.372928315,43.029101331305,61.7668426748988,522.451357043867
"control","post_18",590,"0590-00111",449.865329782301,2.28432299675014,2.230757436,14.06781313812,16.986297218685,2.84045468325,15.19142237175,49.085987411805,88.1927195936711,591.659117220527
"control","post_18",590,"0590-00113",136.302367026217,51.5700605720591,0.069979686,18.24151392509,12.844040961915,28.6369002925,118.60312265,178.325577829505,24.3256393186037,390.593624432385
"control","post_18",590,"0590-00115",222.171968618414,0,0,41.72861292861,18.84589866703,2.506174846,25.75101942,88.83170586164,63.3715821495019,374.375256629556
"control","post_18",590,"0590-00116",233.077875963075,3.55786758508766,0.128919375,5.09825056258,4.2933393792585,1.548277486,0,10.9398674278385,49.9265004752974,297.631030826299
"control","post_18",590,"0590-00117",125.368342197549,0,0.088522121,18.53245022818,12.644160732035,2.984031548,0,34.160642508215,86.9768328696879,246.594339696452
"control","post_18",590,"0590-00118",355.665378740991,7.34138966948482,0,40.234566563,15.21189318281,0.70864875625,0,56.15510850206,61.2238355482745,480.385712460811
"control","pre_treatment",40,"0040-00002",142.736222238657,1.82640381760116,0,14.97446001187,12.283475157275,2.75646456675,5.6431072495,35.657506985395,51.7714490035759,231.991582045229
"control","pre_treatment",40,"0040-00003",222.894039435171,0,5e-04,6.62149480925,10.193058335455,0.97294035175,6.90199045475,24.689483951205,48.7441529923097,296.328176378686
"control","pre_treatment",40,"0040-00005",193.561043641193,4.76763206166055,0.101235711,45.8385314369,14.645824694935,2.655373356,7.39511247225,70.534841960085,63.7541224251406,332.718875799079
"control","pre_treatment",40,"0040-00012",150.847765788784,0,0.101235711,1.51532251741,7.510029279745,4.37388354575,3.043345971,16.442581313905,57.0953884246202,224.48697123831
"control","pre_treatment",40,"0040-00101",188.089112052051,0,0.101235711,29.12385794612,4.2892951136135,1.595685884,9.5980341125,44.6068730562335,55.6340091335182,288.431229952803
"control","pre_treatment",40,"0040-00103",273.245018470449,10.4778377800498,2.552139917,83.2105441392,22.2239672196,5.71271945025,38.5978956825,149.74512649155,38.4823524782713,474.50247513732
"control","pre_treatment",40,"0040-00104",220.811129649156,6.28241849101955,0.678059267,21.887223322922,9.671545187185,6.1815948545,12.1450041425,49.885367507107,51.6476566025277,329.304631516811
"control","pre_treatment",40,"0040-00105",338.252802921437,8.03147237338384,1.105398766,0,3.25905392568,2.98556298375,0,6.24461690943,51.7907289224254,405.425019892677
"control","pre_treatment",40,"0040-00106",177.556432850164,0,2.723520629,6.57528929758,8.640592842595,2.0124313045,0,17.228313444675,63.6271315050519,261.135398428891
"control","pre_treatment",40,"0040-00107",132.420565985964,0,0.849774664,13.66958673384,8.0047304464225,7.25695761825,7.3298437815,36.2611185800125,65.4115608084422,234.943020038418
"control","pre_treatment",40,"0040-00108",53.4381987331899,82.5004139961293,0.472515484,12.25699344342,7.95663009523,5.02735655275,17.7295099725,42.9704900639,50.1786230787155,229.560241355935
"control","pre_treatment",40,"0040-00109",325.320192486147,0,0.607414266,23.26310761202,7.90226491303,14.26494437825,20.264984824,65.6953017273,41.9843938288459,433.607302308293
"control","pre_treatment",40,"0040-00110",412.497922905054,14.054000810891,0.102735711,35.84925343246,13.04392133301,9.0614819595,3.697887253,61.65254397797,40.6494235440586,528.956626948973
"control","pre_treatment",40,"0040-00111",189.741422583524,5.29566943442622,2.622619603,22.77902713565,14.007539210255,3.1625281385,0,39.949094484405,52.1737621069571,289.782568212312
"control","pre_treatment",40,"0040-00112",229.947581031949,3.33042481237186,0.848774664,15.58614725299,5.13933654459,5.72647398225,0,26.45195777983,62.3024230477779,322.881161335929
"control","pre_treatment",40,"0040-00113",305.512655863383,6.40476127846581,0.230655086,0,0.9489335782895,1.321781686,4.33939304125,6.6101083055395,62.0899592548733,380.848139788261
"control","pre_treatment",40,"0040-00114",156.008085572606,9.00380251904653,2.652875628,2.951767729,9.5222698694945,2.52592012725,1.0237047765,16.0236625022445,59.4000831155614,243.088509337459
"control","pre_treatment",40,"0040-00116",186.24329091316,9.40052388817177,2.652875628,9.19753285384,13.60603260387,1.3175485245,3.4819935175,27.60310749971,60.8376488163305,286.737446745372
"control","pre_treatment",240,"0240-00003",90.334845650073,0,0.128919375,25.25234828478,8.8599898536,4.9230055085,22.67891323525,61.71425688213,73.5899728937628,225.767994800966
"control","pre_treatment",240,"0240-00005",84.8303584483195,0,0,9.0515244182,0.9997471041575,3.90233440125,0.8205881505,14.7741940741075,66.8225636560175,166.427116178444
"control","pre_treatment",240,"0240-00007",141.79106293949,0,0.101235711,55.286249814,17.236683183145,1.32264967325,11.5200297975,85.365612467895,71.9973244078876,299.255235526273
"control","pre_treatment",240,"0240-00009",139.563160918572,0,2.158424509,5.709006562139,9.94507598688,3.00994438675,5.4817553825,24.145782318269,62.691783947502,228.559151693343
"control","pre_treatment",240,"0240-00022",150.27785280239,0,0,10.67836987746,8.399306406965,4.511031417,0,23.588707701425,62.3266021069183,236.193162610733
"control","pre_treatment",240,"0240-00026",140.8182413777,0,0,8.880963596639,7.5669874668225,8.2470535185,16.64670221275,41.3417067947115,75.0944251327192,257.25437330513
"control","pre_treatment",240,"0240-00101",207.489660751924,5.49398267337076,0.950510375,26.53429913094,9.20104530252,2.66850268175,13.4730785425,51.87692565771,56.560339500082,322.371418958087
"control","pre_treatment",240,"0240-00102",196.731437916042,0.351599655640251,0.301134772,20.1978614769,15.884125450145,13.678367776,7.2311205925,56.991475295545,52.8631567473547,307.238804386582
"control","pre_treatment",240,"0240-00104",196.718375812854,1.06379001245309,0.303134772,26.10201,13.369125,9.408226387,60.22767694175,109.10703832875,69.6586211134399,376.850960039497
"control","pre_treatment",240,"0240-00105",160.153586609583,3.56811985103494,0.301634772,27.64532240085,8.715509437295,5.90151837125,5.32644540475,47.588795614145,59.5353512467283,271.147488093491
"control","pre_treatment",240,"0240-00106",169.216270184454,0,0.171880712,2.883844845088,7.89191935397,11.81345764175,8.38907131325,30.978293154058,53.7280802756419,254.094524326154
"control","pre_treatment",240,"0240-00107",61.9397596623516,0,0.334390797,4.11401099793,5.87778656031,4.8570731075,2.8516527175,17.70052338324,72.739714011628,152.71438785422
"control","pre_treatment",240,"0240-00109",152.241732187213,1.6458200549819,0.434126508,2.94961632137,6.99908316427,3.3480146225,20.9931689525,34.28988306064,66.4035674715295,255.015129282365
"control","pre_treatment",240,"0240-00110",84.9270779397298,0,0.59826582,15.86768405956,15.504147929375,11.94073530875,26.1666134875,69.479180785185,73.5186235086337,228.523148053548
"control","pre_treatment",240,"0240-00112",115.313907670818,0,0.230655086,20.28154964507,10.33153746151,10.10586482575,9.2211638305,49.94011576283,57.996977281718,223.481655801366
"control","pre_treatment",240,"0240-00113",198.911894837747,9.16419933245403,0.102735711,28.97921394459,10.28586449778,14.31059271825,25.42933988,79.00501104062,58.0517809035961,345.235621825417
"control","pre_treatment",240,"0240-00114",151.119541974836,0,0.476087845,21.48138628277,4.618049014831,7.76116405625,27.329523323,61.190122676851,62.7563305124529,275.54208300914
"control","pre_treatment",240,"0240-00115",202.839840832918,0,0.273451108,14.55279703979,8.28360384363,12.42190950425,0.81589786475,36.07420825242,70.4899743504579,309.677474543796
"control","pre_treatment",590,"0590-00005",131.593802775661,0,0.003,19.54929048475,16.599031920495,2.360034056,18.6847676175,57.193124078745,50.1580498576308,238.947976712037
"control","pre_treatment",590,"0590-00009",114.149193144398,0.771084836264091,0,6.93707132471,4.102094181098,4.40630596575,10.7580983265,26.203569798058,63.0648986119005,204.188746390621
"control","pre_treatment",590,"0590-00013",148.235730431687,1.90430228522813,0,5.63497058658,6.53428358976,5.153575509,6.4026106335,23.72544031884,53.7407074610647,227.606180496819
"control","pre_treatment",590,"0590-00021",118.854448702738,0,0.001,20.87159275415,13.725892921095,13.37689429825,71.076045135,119.050425108495,64.5248964825207,302.430770293754
"control","pre_treatment",590,"0590-00101",35.4120913972682,20.5044135208043,0.404877335,1.417790820898,3.245401053445,4.336767275,5.2586432725,14.258602421843,55.3763972887228,125.956381963638
"control","pre_treatment",590,"0590-00102",112.170492976921,1.72854963531962,0.424412917,13.50832055749,6.9396797251065,6.637873081,18.0800037525,45.1658771160965,58.0833892472642,217.572721892601
"control","pre_treatment",590,"0590-00104",88.1227277313698,0,1.080223381,7.40676934922,7.65118803219,3.119611223,2.8881178785,21.06568648291,65.1618003726178,175.430437967898
"control","pre_treatment",590,"0590-00105",174.798491358416,3.22324068382165,2.433269291,47.6206566948,7.4955987203,1.73717904775,0.64959860825,57.5030330711,48.2828179373523,286.24085234169
"control","pre_treatment",590,"0590-00106",240.079529133078,2.13803238870888,3.407647296,75.801127379,13.99330230519,3.2485334605,2.7726986125,95.81566175719,51.664495876024,393.105366451001
"control","pre_treatment",590,"0590-00107",168.791253754688,3.34972877790896,0.205971422,48.857491995,7.26366829698,9.1988727,23.94939945875,89.26943245073,64.4606261520494,326.077012557377
"control","pre_treatment",590,"0590-00109",269.203441652129,2.77938799746539,0,0,5.5279788233,3.44785518575,0,8.97583400905,59.1245964586625,340.083260117307
"control","pre_treatment",590,"0590-00111",263.1246239705,0,2.464412522,20.9057238246,9.620161650905,4.42914131375,3.4545512025,38.409577991755,53.8848106362154,357.88342512047
"control","pre_treatment",590,"0590-00113",205.289391270531,1.94685834537178,0.406870483,19.34933866436,11.040742195665,1.371682734,1.896702705,33.658466299025,67.9743451714082,309.275931569336
"control","pre_treatment",590,"0590-00115",134.016559835688,0,0.334897649,22.15849326975,13.18616431339,19.69519662075,23.572530145,78.61238434889,49.2146530467533,262.178494880331
"control","pre_treatment",590,"0590-00116",83.9826992161411,18.1839160005194,1.549509369,0,4.72070135738,3.20730645375,0,7.92800781113,41.9602796128329,153.604412009623
"control","pre_treatment",590,"0590-00117",61.4193947913614,0,1.571720781,0,2.12781505418,4.38623782125,1.87012373625,8.38417661168,63.1065575360547,134.481849720096
"control","pre_treatment",590,"0590-00118",198.786418672654,0,0.502530109,4.032741374204,6.302352733535,0.48456044275,8.7548411955,19.574495745989,54.8100319765866,273.673476504229
"mech","post_18",190,"0190-00010",149.085876648018,0,0.101235711,24.15239330786,32.32054466359,11.336076586,3.3543392725,71.16335382995,49.2225755,269.573041688968
"mech","post_18",190,"0190-00024",206.180722958528,57.1438565212218,0,23.89074027077,38.187062357185,10.67579247075,4.5948407175,77.348435816205,61.1918431,401.864858395955
"mech","post_18",190,"0190-00025",98.3704122514712,51.9194483894933,0,6.39498290768,9.7630478477845,15.18859336925,9.8650720185,41.2116961432145,55.3454249,246.846981684179
"mech","post_18",190,"0190-00026",154.747878308262,17.0916552022804,0,5.29224715898,19.84439519777,4.44764904375,1.7419219935,31.326213394,51.9407398,255.106486704542
"mech","post_18",190,"0190-00102",282.423742317394,9.92025208307147,0.101235711,7.982570517464,11.354344592035,5.870913746,2.2426913775,27.450520232999,71.2925344,391.188284744464
"mech","post_18",190,"0190-00106",61.671812037115,0,0,26.36490169973,145.102812419095,5.4831131445,1.2530468035,178.203874066825,59.1759795,299.05166560394
"mech","post_18",190,"0190-00108",103.607504792003,0,0,18.81730500186,4.3475179604205,4.36227412425,0.67448483475,28.2015819212805,62.8766773,194.685764013283
"mech","post_18",190,"0190-00110",151.056201948198,1.96699163498045,0,27.71619252731,25.5976629434365,11.9059483595,6.6725760515,71.8923798817465,58.3567648,283.272338264925
"mech","post_18",190,"0190-00111",239.233941064064,0.8763444618855,0,7.75461640536,11.804049760015,9.3335018925,5.74998706225,34.642155120125,38.1566541,312.909094746075
"mech","post_18",350,"0350-00002",178.529537026857,0,0,13.40939876686,18.990087810035,5.81694391625,2.20485074175,40.421281234895,72.6325605,291.583378761752
"mech","post_18",350,"0350-00003",100.860711366453,0,0,0.326412284266,11.32421884189,3.406187231,15.098367379,30.155185736156,65.2068371,196.222734202609
"mech","post_18",350,"0350-00005",242.864922258418,0,0,29.592569117,3.82582291172,5.30827562625,1.11927458475,39.84594223972,53.1266424,335.837506898138
"mech","post_18",350,"0350-00101",91.718815123213,43.899294797945,0,7.15403013316,10.856177398792,2.888396999,0,20.898604530952,60.8463812,217.36309565211
"mech","post_18",350,"0350-00102",140.593233210981,2.29714314419207,0,9.807167525819,30.012161195185,3.498448223,44.232328275,87.550105219004,67.7322159,298.172697474177
"mech","post_18",350,"0350-00103",202.663444233224,12.5521731779101,0,8.949877483606,10.50643217419,3.66805481275,28.17275327525,51.297117745796,51.6652002,318.17793535693
"mech","post_18",350,"0350-00105",145.213406957357,0,0.069645001,39.02639066343,17.96871227088,3.494263944,9.130234428,69.61960130631,46.9515605,261.854213764667
"mech","post_18",350,"0350-00106",146.34304640588,0,0,40.62646088138,29.96477271691,21.4112118015,3.464450805,95.46689620479,53.1058114,294.91575401067
"mech","post_18",350,"0350-00109",154.894816743658,0,0.069645001,23.87316878896,29.64736605789,7.55164064375,27.202162485,88.2743379756,61.7803136,305.019113320258
"mech","post_18",350,"0350-00110",121.322704532745,0,0,5.2777495513,3.026409494781,2.86153378175,0,11.165692827831,62.7618072,195.250204560576
"mech","post_18",350,"0350-00111",392.520007340468,0,0,7.99545938013,11.396836829105,4.36175555425,3.1760822,26.930133963485,66.7582475,486.208388803953
"mech","post_18",350,"0350-00112",169.536711450219,25.110462006472,0,3.627791098483,22.46349766291,4.039990189,0.58539588975,30.716674840143,64.8133011,290.177149396834
"mech","post_18",350,"0350-00113",83.3554405574588,1.72827408448107,0,15.93818827823,17.385091022415,5.05503973425,41.0419969445,79.420315979395,88.0615657,252.565596321335
"mech","post_18",350,"0350-00115",77.634855006477,0,0,24.97533126903,17.182947088305,5.80702379275,1.700876128,49.666178278085,50.0868141,177.387847384562
"mech","post_18",350,"0350-00116",266.542376194643,0,0,15.66354929659,15.52987671668,6.97196015375,7.35921823075,45.52460439777,67.1715727,379.238553292413
"mech","post_18",350,"0350-00117",147.054775858629,0,0,10.91699415061,25.36162313792,12.75612910675,7.622889139,56.65763553428,58.2733066,261.985717992909
"mech","post_18",350,"0350-00119",206.11413279841,0,0,12.48406866224,8.2280823143,2.57665926175,1.0321041195,24.32091435779,66.1421642,296.5772113562
"mech","post_18",490,"0490-00004",96.1711976125265,30.7170730150237,0.101235711,17.09229904159,8.562504289066,3.6571113305,1.61554717975,30.927461840906,52.694673,210.611641179456
"mech","post_18",490,"0490-00008",140.1259205719,0,0.230155086,4.053782923578,70.842632441035,12.75965120675,1.56278690375,89.218853475113,30.3554962,259.930425333013
"mech","post_18",490,"0490-00018",79.632842226436,0,0.303707133,10.19694963049,23.281886700555,6.056223855,1.66354432925,41.198604515295,46.9961811,168.131334974731
"mech","post_18",490,"0490-00020",68.5188387723762,0,0,15.44117460071,13.36255198809,12.7061136375,6.167297402,47.6771376283,65.7348568,181.930833200676
"mech","post_18",490,"0490-00033",100.286975681554,0,0,3.19708490612,6.96145802024,7.79219917475,11.248729155,29.19947125611,51.4051911,180.891638037664
"mech","post_18",490,"0490-00035",163.866023003181,36.6091670090989,0.003,0.343852371479,3.156308578469,5.49739457525,0,8.997555525198,47.4477937,256.923539237478
"mech","post_18",490,"0490-00041",359.872519755557,0,0.091522121,35.4626838843,20.077674768365,4.00285849025,3.4363898675,62.979607010415,31.7841776,454.727826486972
"mech","post_18",490,"0490-00042",116.49893832379,0,0,1.75870848245,5.335596225127,6.0442645605,0.930972105,14.069541373077,35.6061429,166.174622596867
"mech","post_18",490,"0490-00102",263.605969011295,0,0.089022121,23.46715815931,5.814094314875,4.6724939135,0,33.953746387685,39.6090727,337.25781021998
"mech","post_18",490,"0490-00103",277.049257593628,0,0.001,7.40482769706,3.1397273810145,8.442643793,0,18.9871988710745,51.8230957,347.860552164703
"mech","post_18",490,"0490-00104",256.846796980628,0,0.089022121,13.34289490883,12.635288945497,8.4175954015,7.2527408965,41.648520152327,46.8787353,345.463074553955
"mech","post_18",490,"0490-00105",177.280237763669,0,2.838171702,35.31639526428,15.763524261155,5.52307166825,0,56.602991193685,36.9690211,273.690421759354
"mech","post_18",490,"0490-00110",115.591838729042,0,0.190257832,33.71454981824,28.67826924931,2.782949579,1.04366573575,66.2194343823,39.7658565,221.767387443342
"mech","post_18",490,"0490-00115",351.143014138627,0,0,24.92022180083,15.97453130009,7.47904635625,0,48.37379945717,47.4260686,446.942882195797
"mech","post_18",490,"0490-00117",189.783637975855,29.127178459822,0.089022121,27.87867298379,3.613024571159,2.471533041,0.6204216685,34.583652264449,52.1175314,305.701022221126
"mech","post_18",490,"0490-00120",135.37483041824,0,0.610914266,31.19081102861,15.64463931362,3.849172303,4.8413874955,55.52601014073,64.9264338,256.43818862497
"mech","post_18",490,"0490-00122",231.95274236331,10.0822621750622,2.331993147,38.85451838664,14.14175326365,8.76831740625,5.8475133675,67.61210242404,34.906468,346.885568109412
"mech","post_18",490,"0490-00124",121.786903968492,0,0.0015,6.24237977324,5.749485766049,4.84368456075,12.39120217825,29.226752278289,32.6543616,183.669517846781
"mech","post_18",490,"0490-00125",139.656810472487,0,0,14.36618565064,12.569043787975,5.09600850325,9.6408165905,41.672054532365,34.5284223,215.857287304852
"mech","post_18",490,"0490-00126",203.144428078861,0,0.534132723,66.4643260191,10.21288484506,11.76917323025,28.521093959,116.96747805341,40.3901532,361.036192055271
"mech","pre_treatment",190,"0190-00010",186.348155878568,0,0.607414266,35.90583506235,10.94832000387,7.678997474,3.1563040025,57.68945654272,61.7347993541967,306.379826041484
"mech","pre_treatment",190,"0190-00024",236.296243836292,32.397520187545,0.607414266,11.5006095533,9.58522484924,10.31065540475,27.16433875025,52.96835998454,69.8501363512103,392.119674625587
"mech","pre_treatment",190,"0190-00025",140.458931036739,1.57396250391488,0.089522121,4.40982660852,9.01499465577,4.8102778025,15.0839515425,33.31905060929,59.2982755199483,234.739741790892
"mech","pre_treatment",190,"0190-00026",120.449001302597,0,0.101735711,3.919442186863,12.66764723349,3.26821542625,1.0581540005,20.913458847103,54.3194102180159,195.783606078716
"mech","pre_treatment",190,"0190-00102",197.570459060406,1.05601899740707,0.842569352,22.69135027772,13.955629145745,6.70655496775,8.05785391675,51.411388307965,73.3181185182713,324.198554236049
"mech","pre_treatment",190,"0190-00106",77.707534885305,0,1.013284749,8.11763951148,8.608185370575,2.7535095225,2.20068240075,21.680016805305,72.3014164013138,172.702252840924
"mech","pre_treatment",190,"0190-00108",121.536433332692,0,0.737333641,0,6.61330246632,6.97339405875,6.1911780845,19.77787460957,66.7842877902966,208.835929373558
"mech","pre_treatment",190,"0190-00110",115.110808273848,6.72408153978995,0.102235711,0,5.7445523790485,3.09008177475,6.93306801,15.7677021637985,67.9380337922335,205.64286148067
"mech","pre_treatment",190,"0190-00111",179.667727937265,9.51475191356754,0.910049038,7.75967101136,8.77126323289,8.09627721825,16.63608092825,41.26329239075,62.8039057108834,294.159726990466
"mech","pre_treatment",350,"0350-00002",169.980051628158,0.800321877324538,0,13.3364334568,9.41107589992,2.65120466225,17.075769838,42.47448385697,45.70132824538,258.956185607833
"mech","pre_treatment",350,"0350-00003",109.01961391229,11.3188088906975,0.070145001,2.823927562216,5.2807936757645,1.8067060325,9.0817584125,18.9931856829805,57.6856863838065,197.087439870774
"mech","pre_treatment",350,"0350-00005",195.930291547566,0,0,16.66470975303,10.43713963586,3.69046612075,6.2829018875,37.07521739714,61.4730135469348,294.478522491641
"mech","pre_treatment",350,"0350-00101",222.107329108559,0,0.104235711,20.07803154729,15.30808590539,4.37369906625,7.63258977,47.39240628893,55.4532741142188,325.057245222708
"mech","pre_treatment",350,"0350-00102",123.856948214225,5.19660702291908,0.242360398,18.92568207502,23.234814092455,4.27723080875,37.76703627675,84.204763252975,55.1457445946339,268.646423482753
"mech","pre_treatment",350,"0350-00103",222.116372790175,3.95642111370149,0.103235711,37.7224269285,14.61191002596,5.73645588875,28.42916265,86.49995549321,70.066004481838,382.741989589924
"mech","pre_treatment",350,"0350-00105",161.308608161744,0,1.26436594,20.65717113311,10.83007085951,4.54476081875,0,36.03200281137,58.8350100207718,257.439986933886
"mech","pre_treatment",350,"0350-00106",129.373217503856,0,0.102235711,19.74388418567,4.788921774762,2.3292392995,55.24265985,82.104705109932,59.5764356989041,271.156594023692
"mech","pre_treatment",350,"0350-00109",151.356370208399,4.15058350300008,2.60154996,27.052347547166,9.69957839957,3.88715253,0,40.639078476736,50.446336788144,249.193918936279
"mech","pre_treatment",350,"0350-00110",106.099493762353,0,0.131419375,1.409445710918,9.69219194759,8.517264832,29.257582295,48.876484785508,63.1836792174524,218.291077140314
"mech","pre_treatment",350,"0350-00111",243.573668479872,17.8589715682092,1.26536594,9.40266365981,8.4275643023695,1.789871268,1.8776310605,21.4977302906795,59.7281246390191,343.92386091778
"mech","pre_treatment",350,"0350-00112",167.150057841772,1.55906042455286,1.046967356,45.02296026623,21.03150230689,18.83854399425,42.171688671,127.06469523837,62.2249706400697,359.045751500765
"mech","pre_treatment",350,"0350-00113",169.534920676194,0.547752331066355,0.290921181,6.57458581936,7.858809272505,3.10376143075,6.70944288625,24.246599408865,57.2140730587347,251.83426665586
"mech","pre_treatment",350,"0350-00115",84.2664310081138,26.6303633500207,0.199399061,10.8643954583,8.02872216306,4.711962974,127.429158225,151.03423882036,57.1668459214777,319.297278160972
"mech","pre_treatment",350,"0350-00116",214.921523976454,0,3.252768241,22.52404457301,11.94134905558,3.0782632505,13.8342212145,51.37787809359,85.537124130151,355.089294441195
"mech","pre_treatment",350,"0350-00117",182.924309907115,22.4939504818864,0.406870483,10.3963113764,6.3174595260095,5.5246116375,49.412336575,71.6507191149095,47.1816993947494,324.657549381661
"mech","pre_treatment",350,"0350-00119",210.362253608149,0,0.332890797,36.38425224782,9.42703275044,6.64905560025,6.30060134625,58.76094194476,61.955644927343,331.411731277252
"mech","pre_treatment",490,"0490-00004",105.299630137474,35.5513872686847,0.677393952,7.98724673319,3.748515731344,2.69851293325,1.452689328,15.886964725784,50.6637723190973,208.07914840304
"mech","pre_treatment",490,"0490-00008",114.044059946419,6.23043977042212,1.571688345,13.65155082594,3.896956230171,2.8155962925,12.1487490375,32.512852386111,60.6454294710291,215.004469918981
"mech","pre_treatment",490,"0490-00018",89.9116048818426,0,0.734104145,23.27654168542,10.47917160463,5.6201724455,27.5047448,66.88063053555,58.7392125098887,216.265552072281
"mech","pre_treatment",490,"0490-00020",85.4862012227309,64.8669786227939,0.072979686,7.58646528766,4.6826110874855,1.918649864,16.410727589,30.5984538281455,60.22313958534,241.24775294501
"mech","pre_treatment",490,"0490-00033",150.313205034098,1.31123711505408,0.092022121,23.95116857601,12.09004036197,9.5622100985,7.29464073125,52.89805976773,53.5264073747247,258.140931412607
"mech","pre_treatment",490,"0490-00035",193.766485541932,0,0.101735711,8.0254726137,4.6071898575105,2.30851319825,2.9524784275,17.8936540969605,57.1951403868689,268.957015736762
"mech","pre_treatment",490,"0490-00041",273.048510377547,4.93236675583775,0.660052098,18.19703932004,4.3704924709195,4.544889532,16.0068473725,43.1192686954595,49.5965755137194,371.356773440563
"mech","pre_treatment",490,"0490-00042",121.302437351678,6.91209104610578,0.069979686,5.54837135016,5.778937223829,0.99711945325,8.08025054,20.404678567239,66.1973492215376,214.886535872561
"mech","pre_treatment",490,"0490-00102",211.72751034355,0,1.617485424,15.25811593748,2.665584889455,5.1027287675,2.6322397175,25.658669311935,53.5060443221606,292.509709401646
"mech","pre_treatment",490,"0490-00103",274.167420388835,28.9671888653267,0.615341905,12.04898084957,4.489988868987,4.55997387625,0,21.098943594807,46.8141600337823,371.663054787751
"mech","pre_treatment",490,"0490-00104",279.644591894566,75.011928624816,5.094532125,22.09565859485,4.7562495392015,2.5542257565,2.4932289155,31.8993628060515,53.3136034042674,444.964018854701
"mech","pre_treatment",490,"0490-00105",159.702522397813,29.4253753378782,3.944616078,55.6577838804,18.45080249705,2.907163472,2.9461944625,79.96194431195,48.1356047216685,321.17006284731
"mech","pre_treatment",490,"0490-00110",168.045298600817,0,1.502180481,38.1286459525,11.61578874895,5.595032829,3.984149175,59.32361670545,52.5622882201738,281.433384007441
"mech","pre_treatment",490,"0490-00115",329.686570538813,34.0274786311547,3.364918328,21.54639726547,7.617360272945,2.1985301665,3.411028875,34.773316579915,54.3732346458053,456.225518723688
"mech","pre_treatment",490,"0490-00117",183.243922602722,2.30008658935118,3.545173234,14.70639109855,4.6090245070485,1.53779849025,0.6343292685,21.4875433643485,51.2732694216214,261.849995212043
"mech","pre_treatment",490,"0490-00120",146.756054390046,27.6738239821307,5.700415,41.9892285461,12.09296358192,4.3664486345,17.2271371575,75.67577792002,53.5943600692712,309.400431361468
"mech","pre_treatment",490,"0490-00122",235.020185074521,2.70039124934029,4.069100234,23.63646766977,8.403824208175,4.63254779475,3.67994974425,40.352789416945,35.9725275560547,318.114993530861
"mech","pre_treatment",490,"0490-00124",166.382425892828,2.37030377542605,2.405472833,36.35547764612,11.22491396758,4.6874693505,53.3811319885,105.6489929527,47.5814618508325,324.388657304786
"mech","pre_treatment",490,"0490-00125",96.7610040202743,0,1.305707677,0,0,4.69529229975,1.60612911225,6.301421412,60.8801048937188,165.248238002993
"mech","pre_treatment",490,"0490-00126",190.741268524844,1.6448414782632,3.517329915,7.98160282377,6.203256593052,6.99752930925,0,21.182388726072,31.2964192830339,248.382247927213
"mechburn","post_18",180,"0180-00008",67.5269802635267,51.1582710092117,2.463958809,4.88519724,22.53548325,2.01778150575,0,29.43846199575,55.394654945086,205.982327022574
"mechburn","post_18",180,"0180-00010",44.5935937585045,1.30029780539627,0.098276143,0,3.6515421,1.1488297245,0,4.8003718245,44.1371502624197,94.9296897938205
"mechburn","post_18",180,"0180-00018",84.3671326243221,1.05896104776717,0.586656859,0.325335667306,2.1003790610965,0.40397002475,0,2.8296847531525,62.7561569754988,151.598592259741
"mechburn","post_18",180,"0180-00101",0,81.8324190036707,0,0,2.50257056,6.591184431,0.699612784,9.793367775,34.9745477133835,126.600334492054
"mechburn","post_18",180,"0180-00102",168.438555443986,123.02113871615,0.097776143,0.648113352655,2.8726109671145,3.45886021325,7.3921264725,14.3717110055195,66.6255577511231,372.554739059778
"mechburn","post_18",180,"0180-00107",264.053493259986,12.504331486981,0.586656859,0,5.0045939190515,0.82289792525,0,5.8274918443015,64.079454288693,347.051427738962
"mechburn","post_18",180,"0180-00108",192.704198079593,17.5071102165304,0.097776143,0,2.145069305243,2.29715568775,3.142418545,7.584643537993,55.8173624730715,273.711090450188
"mechburn","post_18",180,"0180-00109",151.487620142198,3.83764703508131,0.68789257,0,5.0334656156395,0.76618586975,0,5.7996514853895,69.2959308713932,231.108742104062
"mechburn","post_18",180,"0180-00110",12.1989365394328,8.87996463013836,2.781352507,0.353910903841,13.737846679171,6.040727651,14.2070612,34.339546434012,76.7152524427002,134.915052553283
"mechburn","post_18",180,"0180-00111",135.110775780697,45.1789477296708,2.592878183,0.679606732368,4.484822827959,0.62457500225,0,5.789004562577,47.779765405057,236.451371661002
"mechburn","post_18",180,"0180-00114",197.606816332342,102.859398857519,0.586656859,0,2.930472876947,1.4878844325,3.1781947625,7.596552071947,63.6401329533096,372.289557074118
"mechburn","post_18",380,"0380-00002",71.7892725616179,35.5098637110881,0.128919375,4.120444370525,15.407907573355,1.46689473775,1.49223506225,22.48748174388,54.841555718363,184.757093109949
"mechburn","post_18",380,"0380-00004",215.648933994351,0,0,1.286188047653,2.145598428125,3.8874074975,9.5862964975,16.905490470778,83.7342936738091,316.288718138938
"mechburn","post_18",380,"0380-00006",113.47352692421,12.7042118860035,0,5.838956940048,8.01853829749,4.0662484495,2.1535732645,20.077316951538,55.2426807423282,201.49773650408
"mechburn","post_18",380,"0380-00010",107.572588355301,0.535316198134464,0,0.329641659297,3.4874051925515,2.8839931375,0,6.7010399893485,64.1561164054575,178.965060948241
"mechburn","post_18",380,"0380-00015",155.50330456084,0,0,0,1.438124904678,0.2257790215,1.81695029925,3.480854225428,49.6132176169187,208.597376403186
"mechburn","post_18",380,"0380-00102",132.871839558607,56.9190413745617,5e-04,13.35526260444,6.815198230115,6.17568075225,0,26.346141586805,47.2375687846761,263.37509130465
"mechburn","post_18",380,"0380-00103",0,17.7054407416794,5e-04,1.198575438026,2.242491881759,1.2184631255,2.98599802,7.645528465285,56.4407449287931,81.7922141357575
"mechburn","post_18",380,"0380-00104",132.44406419375,20.4951771993177,0.128919375,5.23373038207,10.64909897551,0.621029507,0,16.50385886458,45.7187766053926,215.29079623804
"mechburn","post_18",380,"0380-00107",146.275590102562,9.75365241398965,0,0.981530541994,0.787023876318,0.41297005125,0.609833589,2.791358058562,47.0679619951261,205.88856257024
"mechburn","post_18",380,"0380-00110",123.314037474235,5.14805829316878,0,8.13185131292,3.5928556140215,1.04845159,4.50323952125,17.2763980381915,35.8804562517168,181.618950057312
"mechburn","post_18",380,"0380-00112",142.12428224097,0,0,3.551147086684,12.4269729672,2.094953637,1.0577537005,19.130827391384,88.2828463206566,249.53795595301
"mechburn","post_18",380,"0380-00113",20.716339770054,214.003414204437,0,0,4.657737207225,1.88576912575,0,6.543506332975,49.153586483224,290.41684679069
"mechburn","post_18",380,"0380-00114",234.361869420602,0,0.230155086,3.535490086219,0.863354583675,0.18356799425,6.8419904125,11.424403076644,36.2914628890262,282.307890472272
"mechburn","post_18",380,"0380-00117",207.16133862964,0,0,2.456618201974,7.882282844685,1.830713527,0,12.169614573659,71.2279571576878,290.558910360987
"mechburn","post_18",380,"0380-00118",140.195194594547,14.7283174013768,0,0,4.6296122553255,2.7650230205,0,7.3946352758255,31.222333377863,193.540480649612
"mechburn","post_18",380,"0380-00119",223.477748047751,0,0.131919375,3.613627794364,3.5757187848515,1.56661853025,0,8.7559651094655,34.6776526515755,267.043285183792
"mechburn","post_18",380,"0380-00120",263.823292328539,17.8744594050794,0.715576234,1.64088024089,14.839550978835,1.301420456,0,17.781851675725,44.2642361202479,344.459415763592
"mechburn","post_18",380,"0380-00125",121.618486764686,105.250267917318,3.346544384,0.974807127759,2.154135660123,1.3673261355,3.5084413875,8.004710310882,82.0512231853914,320.271232562278
"mechburn","post_18",380,"0380-00127",0,19.5167056261091,0,6.8386325,11.09927676,5.70984666025,4.54361303375,28.191368954,86.0001851083105,133.70825968842
"mechburn","post_18",570,"0570-00011",103.064798505554,4.26886828493439,0.128919375,10.615450176,5.176390011871,4.5959496435,17.701986465,38.089776296371,55.7789185769921,201.331281038852
"mechburn","post_18",570,"0570-00013",130.156803940122,0,0.773516248,3.9654924742,5.114863458659,6.36028908075,13.9447721925,29.385417206109,52.4160889532653,212.731826347496
"mechburn","post_18",570,"0570-00017",210.020622125344,1.4122567440568,3.248768241,0.71900120173,8.700332232475,3.24866750075,1.26142948925,13.929430424205,72.4593826604116,301.070460195017
"mechburn","post_18",570,"0570-00023",197.239367888495,9.81454725617815,0,0,8.85414051995,7.9332109745,1.3439835625,18.13133505695,61.6515230026146,286.836773204238
"mechburn","post_18",570,"0570-00025",44.2888975511976,0,0.128919375,0.390549387382,14.7517435173,4.132392637,50.4762751825,69.750960724182,72.3367895794146,186.505567229794
"mechburn","post_18",570,"0570-00101",180.06360454062,0,0,8.62285183016,9.269071056645,4.4037729335,7.11698705,29.412682870305,56.3093545331935,265.785641944118
"mechburn","post_18",570,"0570-00102",86.8579046865226,0,0,8.99176578762,13.78952935188,2.98661501275,0,25.76791015225,17.9991184908615,130.624933329634
"mechburn","post_18",570,"0570-00103",150.22106418707,0,0.128919375,1.653607177698,8.569788123115,1.94840958375,0,12.171804884563,44.4514492294417,206.973237676075
"mechburn","post_18",570,"0570-00104",83.7563563919153,5.86827237015201,0.198399061,0,6.59758169487,2.3992289835,8.38417265425,17.38098333262,29.309070174083,136.51308132977
"mechburn","post_18",570,"0570-00105",150.346373716882,2.12230852516163,0.773516248,0,9.061321308365,2.9158672775,4.634026095,16.611214680865,44.8365332988017,214.68994646971
"mechburn","post_18",570,"0570-00106",254.344055172116,6.61615065815362,0.198399061,29.10408649619,16.20787075742,2.7565213595,5.8763088625,53.94478747561,47.1201689017162,362.223561268596
"mechburn","post_18",570,"0570-00107",192.063068782435,5.09998116728651,0.773516248,0.350618049757,9.46235849757,0.665266538,2.1996750265,12.677918111827,71.4230652847437,282.037549594292
"mechburn","post_18",570,"0570-00110",111.779820269564,0,0.128919375,16.212179419783,14.285631702171,5.20041208925,12.3519130845,48.050136295704,54.2687803868887,214.227656327156
"mechburn","post_18",570,"0570-00111",135.336397753329,3.66144730708713,0.773516248,15.78075950641,5.796617448319,2.73588771575,15.6342790375,39.947543707979,71.5335320277146,251.25243704411
"mechburn","post_18",570,"0570-00112",135.460469475833,0,0.773516248,14.24823212631,8.12396312432,6.21153044825,0,28.58372569888,100.413023513094,265.230734935807
"mechburn","post_18",570,"0570-00113",164.332208072741,20.8091975069682,3.248768241,33.53272628453,25.013698873335,7.96133709575,19.81531077225,86.323073025865,60.6624972780579,335.375744124632
"mechburn","post_18",570,"0570-00115",107.134245030995,0,0.773516248,0.327524789363,9.54768117469,0.7128053125,2.674491585,13.262502861553,61.0106133839175,182.180877524465
"mechburn","post_18",570,"0570-00119",118.084471359664,6.14760892965729,0.773516248,47.3995430947,9.20090886568,10.628495289,25.25616733,92.48511457938,45.9752562170147,263.465967333716
"mechburn","pre_treatment",180,"0180-00008",129.786942381157,0,0,24.88814089023,10.697922188925,8.37231176675,35.85638430025,79.814759146155,68.804562376746,278.406263904058
"mechburn","pre_treatment",180,"0180-00010",150.812465471829,0,5e-04,24.74582264277,10.336918977645,6.930398927,3.77863081975,45.791771367165,63.5478735841298,260.152610423123
"mechburn","pre_treatment",180,"0180-00018",76.7224628099239,0,0.205478274,16.16650986305,8.4340116577,3.58096157075,1.68164336075,29.86312645225,69.0529143754526,175.843981911627
"mechburn","pre_treatment",180,"0180-00101",292.51032286978,8.81217478494655,0.103735711,31.2369779909,6.09488530645,5.85612124675,14.3308033505,57.5187878946,63.4387267956777,422.383748056004
"mechburn","pre_treatment",180,"0180-00102",336.557096768085,2.87611442012528,0.706790215,2.63495377989,8.68706225198,4.59859987775,30.1357824375,46.05639834712,61.4575060758066,447.653905826137
"mechburn","pre_treatment",180,"0180-00107",280.137783905361,2.58230128794931,0.87378929,33.73121193433,8.741656102935,4.3778136875,8.7288701725,55.579551897265,65.174159700949,404.347586081525
"mechburn","pre_treatment",180,"0180-00108",177.09327112297,2.70793647652825,2.16199687,31.01086365402,7.706435222445,2.57996995325,10.680491054,51.977759883715,73.5401365324587,307.481100885672
"mechburn","pre_treatment",180,"0180-00109",152.954135736189,0,0.813385688,19.23790973391,9.464971357045,1.953564824,5.8977357905,36.554181705455,71.4392914128179,261.760994542462
"mechburn","pre_treatment",180,"0180-00110",36.9035175331638,0,4.13721743,12.85272677801,14.37085488661,3.65184154975,29.5709251925,60.44634840687,84.5022412565799,185.989324626614
"mechburn","pre_treatment",180,"0180-00111",189.782282029143,14.6881754236095,1.827568799,5.491291187988,7.0209945663475,5.272572494,5.02788652275,22.8127447710855,77.8811730620594,306.991944084897
"mechburn","pre_treatment",180,"0180-00114",378.785745085312,4.91514356057879,1.024259195,6.84129888521,5.962880309395,2.984399142,20.43287025475,36.221448591355,67.8953222976609,488.841918729907
"mechburn","pre_treatment",380,"0380-00002",84.0736808407979,24.7801067027123,0,15.72921969487,5.0408087178555,5.4493376805,31.9577419025,58.1771079957255,66.5662558832244,233.59715142246
"mechburn","pre_treatment",380,"0380-00004",184.445402958804,4.31469961124876,1.144119983,20.29053504979,5.95358624417,3.4782918145,8.1614322155,37.88384532396,43.6788374585051,271.466905335518
"mechburn","pre_treatment",380,"0380-00006",176.857773445914,0,0,7.706282652431,6.6130449272,2.43457094775,12.4302218975,29.184120424881,50.6397653927394,256.681659263534
"mechburn","pre_treatment",380,"0380-00010",102.539298230772,35.8935651314499,0,0,4.79244663358,1.79973766675,0,6.59218430033,48.734136403244,193.759184065796
"mechburn","pre_treatment",380,"0380-00015",184.023073363131,0,0,19.61885958683,8.42160875814,7.5464895345,0,35.58695787947,71.1992576585683,290.809288901169
"mechburn","pre_treatment",380,"0380-00102",166.666729069707,11.5581584012546,0.130419375,11.76735787614,4.3136137723765,5.601981064,15.37180266325,37.0547553757665,57.9979470360655,273.408009257794
"mechburn","pre_treatment",380,"0380-00103",245.902089928772,11.1803417394586,0.273451108,12.86615504855,4.4745048903215,6.255456418,9.413747026,33.0098633828715,48.2753779326218,338.641124091724
"mechburn","pre_treatment",380,"0380-00104",314.973706663285,0,0.471515484,20.75606207591,12.67237375047,16.8739666835,32.215556336,82.51795884588,48.8882258992644,446.85140689243
"mechburn","pre_treatment",380,"0380-00107",202.980735654514,2.11925974838783,0.102235711,14.51110737495,7.026745851645,8.00019731,16.4949642325,46.033014769095,61.1101584717218,312.345404354719
"mechburn","pre_treatment",380,"0380-00110",223.955561769751,17.6036486489037,0.173380712,25.86908438696,6.49548057836,6.6005652835,1.66302241275,40.62815266157,58.9839714877143,341.344715279939
"mechburn","pre_treatment",380,"0380-00112",297.844144194723,10.2960688485794,0.301634772,26.91757448091,7.318085467135,7.371561959,15.8311691615,57.438391068545,58.0218380041366,423.902076887984
"mechburn","pre_treatment",380,"0380-00113",233.784385727756,0,0.0015,26.28533303726,9.43852577629,5.1963418715,8.36980867,49.29000935505,52.6276441592931,335.703539242099
"mechburn","pre_treatment",380,"0380-00114",273.26769833479,0,0.429057276,7.93331847099,5.754131056161,6.54892711325,19.6810235735,39.917400213901,49.9544915988707,363.568647423562
"mechburn","pre_treatment",380,"0380-00117",208.105229624254,2.77789742478801,0.476022336,20.30401704294,12.02607508775,10.27006167975,12.38199781625,54.98215162669,61.7943819738498,328.135682985582
"mechburn","pre_treatment",380,"0380-00118",161.123545949522,11.1483908247186,0.004,38.70284518495,11.037979108895,7.675696811,0,57.416521104845,43.359537975612,273.051995854698
"mechburn","pre_treatment",380,"0380-00119",182.989493528006,2.02569940677494,0.335897649,32.44738138507,13.82456504803,10.2347815165,25.63734836,82.1440763096,67.1882473840746,334.683414277456
"mechburn","pre_treatment",380,"0380-00120",223.98956476221,3.89233136430176,0.174215397,30.21971631022,11.11305139892,8.55731267825,6.2247970315,56.11487741889,57.0661242838752,341.237113226277
"mechburn","pre_treatment",380,"0380-00125",326.984502129164,7.73569066907448,1.462951311,23.55370076083,8.27690520593,5.41786794475,9.2148602805,46.46333419201,58.8457907774553,441.492269078704
"mechburn","pre_treatment",380,"0380-00127",328.539854747888,1.98363014248062,1.120119209,2.68916118391,2.350159597265,1.98350093325,10.9439407225,17.966762436925,46.8718917828505,396.482258319144
"mechburn","pre_treatment",570,"0570-00011",90.7609205411967,1.56748540028841,0,24.51542232363,11.28349474163,6.1469861465,1.1503646655,43.09626787726,41.8690553672368,177.293729185982
"mechburn","pre_treatment",570,"0570-00013",128.476580040207,0,5e-04,13.51044049284,6.504320033145,3.57645654625,10.5403125625,34.131529634735,45.7683320916853,208.376941766627
"mechburn","pre_treatment",570,"0570-00017",304.306965707452,6.77445414522149,0,31.19321274295,7.10043768402,2.867891224,13.44776578675,54.60930743772,60.6546118155085,426.345339105902
"mechburn","pre_treatment",570,"0570-00023",165.291204174714,13.3168388873635,0,59.5920494744,17.756275247185,10.7487068915,6.8958262865,94.992857899585,50.3376526882046,323.938553649868
"mechburn","pre_treatment",570,"0570-00025",80.5513267323812,2.64497637922024,0.170715397,21.08713151624,10.87027200127,2.12281685425,4.56038685725,38.64060722901,61.6474882487559,183.655113986367
"mechburn","pre_treatment",570,"0570-00101",126.859533202356,0,0.713649977,35.87066345548,8.299497871995,8.14998601325,5.84371131625,58.163858656975,46.3978692754575,232.134911111789
"mechburn","pre_treatment",570,"0570-00102",117.449514005323,1.72854963531962,0.202471422,20.50558121676,7.0459726565645,6.92791446025,9.91805064575,44.3975189793245,35.7347653362355,199.512819378203
"mechburn","pre_treatment",570,"0570-00103",173.338940565833,56.8503871785874,0.910049038,17.51051516913,16.44492590087,19.2546680165,5.74276760225,58.95287668875,47.7944471653643,337.846700636535
"mechburn","pre_treatment",570,"0570-00104",84.9059546840139,2.51597568065812,3.420983638,16.517671212,12.461060691685,4.79343078425,8.016375649,41.788538336935,47.6614991191443,180.292951458751
"mechburn","pre_treatment",570,"0570-00105",188.736455778112,5.9321475226339,0.101735711,52.3524235652,16.12607549673,7.0234882655,29.282309885,104.78429721243,50.7393758463054,350.294012070481
"mechburn","pre_treatment",570,"0570-00106",204.771161997988,12.3618238058112,0.473015484,36.58299440177,13.54866940407,7.72146870275,77.801376135,135.65450864359,51.1529844045112,404.413494335901
"mechburn","pre_treatment",570,"0570-00107",161.272012958667,1.14302652339136,0.978694039,32.63494588764,13.54339090312,5.6204224685,31.284954055,83.08371331426,62.4081373448699,308.885584180188
"mechburn","pre_treatment",570,"0570-00110",125.826528464854,0,0.343596109,27.79619430649,17.29675714377,5.843714408,13.16585078975,64.10251664801,56.9429598893046,247.215601111168
"mechburn","pre_treatment",570,"0570-00111",112.172346817812,0,0.302134772,20.74197901072,13.693192791405,4.59617286575,1.4516897825,40.483034450375,55.3767960686541,208.334312108841
"mechburn","pre_treatment",570,"0570-00112",179.311495200676,0,0.200899061,22.57181690032,9.97381783234,2.028992969,10.727805035,45.30243273666,70.8830323291794,295.697859327515
"mechburn","pre_treatment",570,"0570-00113",163.784263045231,3.11531983673938,0.335390797,27.07750629449,10.07778224142,5.74841079225,9.9577949825,52.86149431066,55.8804728593753,275.976940849006
"mechburn","pre_treatment",570,"0570-00115",182.671996273813,0,0.376693671,17.28552099057,13.04579981661,6.10026917275,8.9125104625,45.34410044243,60.4556454915544,288.848435878797
"mechburn","pre_treatment",570,"0570-00119",130.17947731327,1.23863546273707,0.102735711,49.6095610949,13.69057456576,2.576668434,8.81109466575,74.68789876041,56.0277088605181,262.236456107935
