"","treatment","timestep","treatment_factor","timestep_factor","comp","plot_id","fire_tolerate_carbon","tree_carbon","fire_percentage","fire_percentage_01"
"1","burn","post_18","burn","post_18",60,"0060-00021",55.5732890375335,157.98342068231,35.1766589161823,0.351766589161823
"2","burn","post_18","burn","post_18",60,"0060-00027",0.298063190765516,90.4070113969824,0.329690348303522,0.00329690348303522
"3","burn","post_18","burn","post_18",60,"0060-00102",123.544541032151,188.202703774577,65.64440284563,0.6564440284563
"4","burn","post_18","burn","post_18",60,"0060-00103",21.0463275024819,143.424270620799,14.6741743300383,0.146741743300383
"5","burn","post_18","burn","post_18",60,"0060-00104",27.6697193913684,138.411746992626,19.9908750467852,0.199908750467852
"6","burn","post_18","burn","post_18",60,"0060-00105",42.7388852762297,167.010846519911,25.5904847899411,0.255904847899411
"7","burn","post_18","burn","post_18",60,"0060-00106",37.5219273226654,184.806641725829,20.303343522865,0.20303343522865
"8","burn","post_18","burn","post_18",60,"0060-00107",0.245124463167564,91.0701608132328,0.269160020119287,0.00269160020119287
"9","burn","post_18","burn","post_18",60,"0060-00109",113.556214175801,269.863332143533,42.0791566137644,0.420791566137644
"10","burn","post_18","burn","post_18",60,"0060-00111",54.6970932281378,165.662293156629,33.0172256980792,0.330172256980792
"11","burn","post_18","burn","post_18",60,"0060-00113",67.8523586203467,175.247970545215,38.7179140558665,0.387179140558665
"12","burn","post_18","burn","post_18",60,"0060-00114",138.290135913716,244.717984862947,56.5100010900978,0.565100010900978
"13","burn","post_18","burn","post_18",60,"0060-00117",213.678998265955,262.680049764128,81.3457277999705,0.813457277999705
"14","burn","post_18","burn","post_18",60,"0060-00119",59.317877157854,276.414723378137,21.4597386249599,0.214597386249599
"15","burn","post_18","burn","post_18",60,"0060-00130",12.6453526983413,129.959022873954,9.73026144602968,0.0973026144602968
"16","burn","post_18","burn","post_18",340,"0340-00108",0.450829349661369,124.085739468232,0.363320838956508,0.00363320838956508
"17","burn","post_18","burn","post_18",340,"0340-00109",33.6141800553326,137.995537403621,24.3588891987245,0.243588891987245
"18","burn","post_18","burn","post_18",340,"0340-00112",263.594311330231,462.602722949519,56.9807089870924,0.569807089870924
"19","burn","post_18","burn","post_18",340,"0340-00113",181.725788828564,185.558412040258,97.9345462328799,0.979345462328799
"20","burn","post_18","burn","post_18",340,"0340-00115",34.6832941976598,161.274130237324,21.5058014243334,0.215058014243334
"21","burn","post_18","burn","post_18",340,"0340-00121",71.8390200712974,241.168707498865,29.7878695857072,0.297878695857072
"22","burn","post_18","burn","post_18",340,"0340-00123",252.801579906781,355.171821123104,71.1772626295032,0.711772626295032
"23","burn","post_18","burn","post_18",340,"0340-00124",121.329927431907,148.347318798596,81.7877454169771,0.817877454169771
"24","burn","post_18","burn","post_18",400,"0400-00002",0.997963428306716,85.8854274704697,1.16197061329158,0.0116197061329158
"25","burn","post_18","burn","post_18",400,"0400-00009",46.8151168901927,182.468247316661,25.6565827636566,0.256565827636566
"26","burn","post_18","burn","post_18",400,"0400-00022",42.2429471112017,245.352591609442,17.2172410464875,0.172172410464875
"27","burn","post_18","burn","post_18",400,"0400-00024",43.3374284112874,281.659322044818,15.386470469595,0.15386470469595
"28","burn","post_18","burn","post_18",400,"0400-00101",101.674790545353,176.780290699478,57.5147773222059,0.575147773222059
"29","burn","post_18","burn","post_18",400,"0400-00102",1.6437990917256,125.106754895519,1.31391713668729,0.0131391713668729
"30","burn","post_18","burn","post_18",400,"0400-00103",139.379243362494,237.586869305993,58.6645397406138,0.586645397406138
"31","burn","post_18","burn","post_18",400,"0400-00104",28.8182460038787,146.331447570321,19.6938159789815,0.196938159789815
"32","burn","post_18","burn","post_18",400,"0400-00105",75.2304762265183,302.919706671609,24.8351211788524,0.248351211788524
"33","burn","post_18","burn","post_18",400,"0400-00106",250.303343757397,415.161602051814,60.2905814315068,0.602905814315068
"34","burn","post_18","burn","post_18",400,"0400-00108",222.165928515261,227.004073257026,97.8686969478792,0.978686969478792
"35","burn","post_18","burn","post_18",400,"0400-00109",178.718093140417,206.853733537128,86.3982922059946,0.863982922059946
"36","burn","post_18","burn","post_18",400,"0400-00110",127.640467535173,226.642831315841,56.3178931334908,0.563178931334908
"37","burn","post_18","burn","post_18",400,"0400-00112",70.2242763727668,179.29040185737,39.1678950157253,0.391678950157253
"38","burn","post_18","burn","post_18",400,"0400-00116",98.4071593858818,186.927882862737,52.6444519024178,0.526444519024178
"39","burn","post_18","burn","post_18",400,"0400-00118",0.356638255081279,161.436588484938,0.220915381344641,0.00220915381344641
"40","burn","post_18","burn","post_18",400,"0400-00119",11.6186598304364,96.8098550440407,12.0015259036911,0.120015259036911
"41","burn","post_18","burn","post_18",400,"0400-00120",132.655509455698,234.462397178639,56.5785861835349,0.565785861835349
"42","burn","post_18","burn","post_18",400,"0400-00121",185.297941046979,290.264953810922,63.8375176245638,0.638375176245638
"43","burn","pre_treatment","burn","pre_treatment",60,"0060-00021",35.1665001078115,148.942893046273,23.6107271643274,0.236107271643274
"44","burn","pre_treatment","burn","pre_treatment",60,"0060-00102",71.0799684607133,211.090586968245,33.6727323949343,0.336727323949343
"45","burn","pre_treatment","burn","pre_treatment",60,"0060-00103",15.9468267850229,112.951370535723,14.1183118977555,0.141183118977555
"46","burn","pre_treatment","burn","pre_treatment",60,"0060-00104",13.4694875453708,70.2404944810185,19.1762424864631,0.191762424864631
"47","burn","pre_treatment","burn","pre_treatment",60,"0060-00105",23.5590798464165,125.404528432227,18.786466598093,0.18786466598093
"48","burn","pre_treatment","burn","pre_treatment",60,"0060-00106",34.5112828550344,134.436941332909,25.6709818840444,0.256709818840444
"49","burn","pre_treatment","burn","pre_treatment",60,"0060-00109",69.2945361961446,192.297396262763,36.035088120204,0.36035088120204
"50","burn","pre_treatment","burn","pre_treatment",60,"0060-00111",36.0872600230287,113.223392585149,31.8726185455797,0.318726185455797
"51","burn","pre_treatment","burn","pre_treatment",60,"0060-00113",40.8921115804852,113.219039882626,36.1176985981138,0.361176985981138
"52","burn","pre_treatment","burn","pre_treatment",60,"0060-00114",118.457222786987,336.495153758263,35.2032477924144,0.352032477924144
"53","burn","pre_treatment","burn","pre_treatment",60,"0060-00117",151.998019360573,185.640688017997,81.8775350293022,0.818775350293022
"54","burn","pre_treatment","burn","pre_treatment",60,"0060-00119",40.9372435011854,206.621920960029,19.8126332922365,0.198126332922365
"55","burn","pre_treatment","burn","pre_treatment",60,"0060-00130",4.11382355060422,135.61445912258,3.03346971791983,0.0303346971791983
"56","burn","pre_treatment","burn","pre_treatment",340,"0340-00025",2.02275736086085,74.4424745303345,2.71720865490117,0.0271720865490117
"57","burn","pre_treatment","burn","pre_treatment",340,"0340-00109",21.9043636903483,86.1548440381341,25.4244133744273,0.254244133744273
"58","burn","pre_treatment","burn","pre_treatment",340,"0340-00112",185.733739230279,440.662678267074,42.1487338026188,0.421487338026188
"59","burn","pre_treatment","burn","pre_treatment",340,"0340-00113",104.123410483594,260.031158864205,40.0426667859331,0.400426667859331
"60","burn","pre_treatment","burn","pre_treatment",340,"0340-00115",11.4901129966735,77.573164562608,14.811968883131,0.14811968883131
"61","burn","pre_treatment","burn","pre_treatment",340,"0340-00121",42.0957369026196,172.578659126526,24.3922030195849,0.243922030195849
"62","burn","pre_treatment","burn","pre_treatment",340,"0340-00123",168.408979889429,231.921806481441,72.614551621693,0.726145516216929
"63","burn","pre_treatment","burn","pre_treatment",340,"0340-00124",42.9637644885308,131.445237228661,32.6856760993107,0.326856760993107
"64","burn","pre_treatment","burn","pre_treatment",400,"0400-00009",34.4095633375672,161.323522851228,21.3295387612503,0.213295387612503
"65","burn","pre_treatment","burn","pre_treatment",400,"0400-00022",23.6379915381754,189.588648383123,12.4680415941399,0.124680415941399
"66","burn","pre_treatment","burn","pre_treatment",400,"0400-00024",24.3571962441302,199.259506559435,12.2238565500337,0.122238565500337
"67","burn","pre_treatment","burn","pre_treatment",400,"0400-00101",66.4681461719647,122.390102374471,54.3084325304309,0.54308432530431
"68","burn","pre_treatment","burn","pre_treatment",400,"0400-00102",4.29355501496704,110.53225035751,3.88443644373455,0.0388443644373455
"69","burn","pre_treatment","burn","pre_treatment",400,"0400-00103",100.548756258647,165.230911041619,60.8534780960687,0.608534780960687
"70","burn","pre_treatment","burn","pre_treatment",400,"0400-00104",18.6191497268427,136.709607403092,13.6194888424657,0.136194888424657
"71","burn","pre_treatment","burn","pre_treatment",400,"0400-00105",40.4322263460841,177.007405906184,22.8421099891796,0.228421099891796
"72","burn","pre_treatment","burn","pre_treatment",400,"0400-00106",157.706679693534,270.667467804919,58.2658422057575,0.582658422057575
"73","burn","pre_treatment","burn","pre_treatment",400,"0400-00108",147.204020082146,228.652024704506,64.3790582096889,0.643790582096889
"74","burn","pre_treatment","burn","pre_treatment",400,"0400-00109",106.931661743726,129.482352555328,82.5839657941291,0.825839657941291
"75","burn","pre_treatment","burn","pre_treatment",400,"0400-00110",87.8130942372577,180.532872676171,48.6410551915226,0.486410551915226
"76","burn","pre_treatment","burn","pre_treatment",400,"0400-00112",59.3377125885488,150.253639151446,39.4916974548218,0.394916974548218
"77","burn","pre_treatment","burn","pre_treatment",400,"0400-00116",58.9311890124846,188.67805013919,31.2337280192424,0.312337280192424
"78","burn","pre_treatment","burn","pre_treatment",400,"0400-00118",4.604753593572,111.962709416677,4.11275648612171,0.0411275648612171
"79","burn","pre_treatment","burn","pre_treatment",400,"0400-00119",4.08456235574156,95.7162223929091,4.26736686177887,0.0426736686177887
"80","burn","pre_treatment","burn","pre_treatment",400,"0400-00120",98.6438729877509,154.080053122385,64.0211831374427,0.640211831374427
"81","burn","pre_treatment","burn","pre_treatment",400,"0400-00121",117.022366179577,190.805700505511,61.3306446660363,0.613306446660363
"82","control","post_18","control","post_18",40,"0040-00002",0.275739476829287,211.854342183044,0.130155216073431,0.00130155216073431
"83","control","post_18","control","post_18",40,"0040-00003",164.387919219344,285.108958503747,57.6579284221907,0.576579284221907
"84","control","post_18","control","post_18",40,"0040-00005",76.2800456717531,282.879539067948,26.9655578212146,0.269655578212146
"85","control","post_18","control","post_18",40,"0040-00007",6.08902482838316,164.682956387524,3.69742258819713,0.0369742258819713
"86","control","post_18","control","post_18",40,"0040-00103",85.7956113671886,386.104253104239,22.2208407903825,0.222208407903825
"87","control","post_18","control","post_18",40,"0040-00104",188.20243363239,339.082514297453,55.5034322611203,0.555034322611203
"88","control","post_18","control","post_18",40,"0040-00105",170.909827599028,550.578264805632,31.0418769726341,0.310418769726341
"89","control","post_18","control","post_18",40,"0040-00106",68.8158609778039,243.737096796599,28.2336426757522,0.282336426757522
"90","control","post_18","control","post_18",40,"0040-00108",0.888569690314078,156.016094676359,0.569537195606218,0.00569537195606218
"91","control","post_18","control","post_18",40,"0040-00109",125.244556069585,464.462025693518,26.9655104489058,0.269655104489058
"92","control","post_18","control","post_18",40,"0040-00111",33.3865480053321,263.638476105109,12.6637615641586,0.126637615641586
"93","control","post_18","control","post_18",40,"0040-00112",0.0761997087111314,188.755756980595,0.0403694753103426,0.000403694753103426
"94","control","post_18","control","post_18",240,"0240-00003",91.6083048075004,209.301853693115,43.7685109764099,0.437685109764099
"95","control","post_18","control","post_18",240,"0240-00005",5.39309646184554,132.892052461117,4.05825356894349,0.0405825356894349
"96","control","post_18","control","post_18",240,"0240-00007",72.6514805891579,153.262040772667,47.4034406842601,0.474034406842601
"97","control","post_18","control","post_18",240,"0240-00009",7.35588293529884,212.159458641217,3.46714823954109,0.0346714823954109
"98","control","post_18","control","post_18",240,"0240-00022",1.5511564806099,200.087691978344,0.775238329390988,0.00775238329390988
"99","control","post_18","control","post_18",240,"0240-00026",69.3368792915277,234.095363322281,29.6190741702437,0.296190741702437
"100","control","post_18","control","post_18",240,"0240-00102",161.701501427269,342.500070802453,47.2121074452378,0.472121074452378
"101","control","post_18","control","post_18",240,"0240-00105",136.253005954408,259.256002868477,52.5553909829934,0.525553909829934
"102","control","post_18","control","post_18",240,"0240-00106",0.448084705135913,281.655088279391,0.159089866926683,0.00159089866926683
"103","control","post_18","control","post_18",240,"0240-00107",75.5965566043281,130.144633054588,58.0865724771144,0.580865724771144
"104","control","post_18","control","post_18",240,"0240-00109",55.9874151783255,173.566924503464,32.2569610186347,0.322569610186347
"105","control","post_18","control","post_18",240,"0240-00112",0.580049900001943,161.734631160236,0.35864297945396,0.0035864297945396
"106","control","post_18","control","post_18",240,"0240-00113",175.718026107327,323.393144247557,54.3357301269241,0.543357301269241
"107","control","post_18","control","post_18",240,"0240-00114",213.425081488016,308.767427502348,69.1216308709872,0.691216308709872
"108","control","post_18","control","post_18",240,"0240-00115",49.5993080990116,304.111934782759,16.3095565895639,0.163095565895639
"109","control","post_18","control","post_18",590,"0590-00005",88.0203384197055,224.487949716169,39.2093822991363,0.392093822991363
"110","control","post_18","control","post_18",590,"0590-00009",81.9984226782495,198.319445022674,41.3466378291219,0.413466378291219
"111","control","post_18","control","post_18",590,"0590-00013",56.9173467724601,247.605207416526,22.9871364040873,0.229871364040873
"112","control","post_18","control","post_18",590,"0590-00021",3.94361433712424,163.254566716814,2.41562267839341,0.0241562267839341
"113","control","post_18","control","post_18",590,"0590-00102",140.02719233664,214.075533512908,65.4101802475232,0.654101802475232
"114","control","post_18","control","post_18",590,"0590-00104",1.79486372335952,162.285570676356,1.10599094908997,0.0110599094908997
"115","control","post_18","control","post_18",590,"0590-00105",106.972053594703,248.061201721823,43.1232505737281,0.431232505737281
"116","control","post_18","control","post_18",590,"0590-00106",229.939445896653,386.995176263598,59.4166180872581,0.594166180872581
"117","control","post_18","control","post_18",590,"0590-00107",202.62660344525,303.777235570976,66.7023659835458,0.667023659835458
"118","control","post_18","control","post_18",590,"0590-00109",289.99932436348,417.425257951664,69.4733533343259,0.694733533343259
"119","control","post_18","control","post_18",590,"0590-00111",154.309425016469,452.149652779051,34.1279538904954,0.341279538904954
"120","control","post_18","control","post_18",590,"0590-00113",0.194800606447361,187.872427598276,0.103687703905067,0.00103687703905067
"121","control","post_18","control","post_18",590,"0590-00115",86.326338306237,222.171968618414,38.8556390993252,0.388556390993252
"122","control","post_18","control","post_18",590,"0590-00116",5.05921791744507,236.635743548163,2.13797706195444,0.0213797706195444
"123","control","post_18","control","post_18",590,"0590-00117",90.8225006074222,125.368342197549,72.4445254802117,0.724445254802117
"124","control","post_18","control","post_18",590,"0590-00118",143.744528007669,363.006768410476,39.5983051878325,0.395983051878325
"125","control","pre_treatment","control","pre_treatment",40,"0040-00003",101.42462637777,222.894039435171,45.5035166641453,0.455035166641453
"126","control","pre_treatment","control","pre_treatment",40,"0040-00005",52.129196033427,198.328675702853,26.2842455074574,0.262842455074574
"127","control","pre_treatment","control","pre_treatment",40,"0040-00007",4.9578429724616,122.339044026254,4.05254349657796,0.0405254349657796
"128","control","pre_treatment","control","pre_treatment",40,"0040-00103",60.8452507735232,283.722856250499,21.4453116599823,0.214453116599823
"129","control","pre_treatment","control","pre_treatment",40,"0040-00104",122.070450533116,227.093548140176,53.7533767616182,0.537533767616182
"130","control","pre_treatment","control","pre_treatment",40,"0040-00105",85.683353669393,346.284275294821,24.7436455485723,0.247436455485723
"131","control","pre_treatment","control","pre_treatment",40,"0040-00106",47.5960347762384,177.556432850164,26.8061449603483,0.268061449603483
"132","control","pre_treatment","control","pre_treatment",40,"0040-00108",0.586121489528318,135.938612729319,0.431166302024431,0.00431166302024431
"133","control","pre_treatment","control","pre_treatment",40,"0040-00109",96.9899220404248,325.320192486147,29.8136802696485,0.298136802696485
"134","control","pre_treatment","control","pre_treatment",40,"0040-00111",23.5245420298484,195.03709201795,12.0615734096791,0.120615734096791
"135","control","pre_treatment","control","pre_treatment",40,"0040-00114",0.530821773358709,165.011888091653,0.321686988433144,0.00321686988433144
"136","control","pre_treatment","control","pre_treatment",240,"0240-00003",30.2710096403079,90.334845650073,33.5097817707772,0.335097817707772
"137","control","pre_treatment","control","pre_treatment",240,"0240-00005",2.05162529993592,84.8303584483195,2.41850363179335,0.0241850363179335
"138","control","pre_treatment","control","pre_treatment",240,"0240-00007",89.5041972134561,141.79106293949,63.124004685438,0.63124004685438
"139","control","pre_treatment","control","pre_treatment",240,"0240-00009",8.56247429251668,139.563160918572,6.1351965921096,0.061351965921096
"140","control","pre_treatment","control","pre_treatment",240,"0240-00026",40.3369982642116,140.8182413777,28.6447251929674,0.286447251929674
"141","control","pre_treatment","control","pre_treatment",240,"0240-00102",86.2801739580507,197.083037571682,43.7785894824506,0.437785894824506
"142","control","pre_treatment","control","pre_treatment",240,"0240-00105",78.4082240258403,163.721706460618,47.8911597740407,0.478911597740407
"143","control","pre_treatment","control","pre_treatment",240,"0240-00107",40.387027301325,61.9397596623516,65.2037197455791,0.65203719745579
"144","control","pre_treatment","control","pre_treatment",240,"0240-00109",37.0643341890382,153.887552242195,24.0853361100349,0.240853361100349
"145","control","pre_treatment","control","pre_treatment",240,"0240-00110",0.515813740591909,84.9270779397298,0.607360753607897,0.00607360753607897
"146","control","pre_treatment","control","pre_treatment",240,"0240-00113",85.2918939342223,208.076094170201,40.9907223001099,0.409907223001099
"147","control","pre_treatment","control","pre_treatment",240,"0240-00114",111.030510280686,151.119541974836,73.4719737961981,0.734719737961981
"148","control","pre_treatment","control","pre_treatment",240,"0240-00115",34.7361316464977,202.839840832918,17.1249057896424,0.171249057896424
"149","control","pre_treatment","control","pre_treatment",590,"0590-00005",53.4992421304312,131.593802775661,40.6548340438462,0.406548340438462
"150","control","pre_treatment","control","pre_treatment",590,"0590-00009",38.6066121993999,114.920277980663,33.5942558422076,0.335942558422076
"151","control","pre_treatment","control","pre_treatment",590,"0590-00013",37.223135418,150.140032716915,24.7922787443261,0.247922787443261
"152","control","pre_treatment","control","pre_treatment",590,"0590-00021",45.9340674501414,118.854448702738,38.6473270050035,0.386473270050035
"153","control","pre_treatment","control","pre_treatment",590,"0590-00102",83.2497270241923,113.899042612241,73.0908049048391,0.730908049048391
"154","control","pre_treatment","control","pre_treatment",590,"0590-00104",4.04543784890621,88.1227277313698,4.59068614085367,0.0459068614085367
"155","control","pre_treatment","control","pre_treatment",590,"0590-00105",69.5676355895289,178.021732042238,39.0781702837399,0.390781702837399
"156","control","pre_treatment","control","pre_treatment",590,"0590-00106",159.002812483889,242.217561521787,65.6446260481355,0.656446260481355
"157","control","pre_treatment","control","pre_treatment",590,"0590-00107",132.590570664176,172.140982532597,77.0244068050837,0.770244068050837
"158","control","pre_treatment","control","pre_treatment",590,"0590-00109",193.396848966356,271.982829649594,71.1062713832033,0.711062713832033
"159","control","pre_treatment","control","pre_treatment",590,"0590-00111",98.8353778671228,263.1246239705,37.5621925366452,0.375621925366452
"160","control","pre_treatment","control","pre_treatment",590,"0590-00113",99.3421054374509,207.236249615903,47.9366450713011,0.47936645071301
"161","control","pre_treatment","control","pre_treatment",590,"0590-00115",55.2654367657712,134.016559835688,41.2377670591828,0.412377670591828
"162","control","pre_treatment","control","pre_treatment",590,"0590-00116",0.37308271369176,102.166615216661,0.365170866139178,0.00365170866139178
"163","control","pre_treatment","control","pre_treatment",590,"0590-00117",59.0489367304819,61.4193947913614,96.1405382307464,0.961405382307464
"164","control","pre_treatment","control","pre_treatment",590,"0590-00118",88.3279483561161,198.786418672654,44.4335930723556,0.444335930723556
"165","mech","post_18","mech","post_18",190,"0190-00010",58.146581517192,149.085876648018,39.0020723790439,0.390020723790439
"166","mech","post_18","mech","post_18",190,"0190-00026",35.874807471221,171.839533510542,20.8769232191963,0.208769232191963
"167","mech","post_18","mech","post_18",190,"0190-00027",0.356638255081279,98.9102288017516,0.360567617122895,0.00360567617122895
"168","mech","post_18","mech","post_18",190,"0190-00104",129.371340965026,183.336819948822,70.5648439855888,0.705648439855888
"169","mech","post_18","mech","post_18",190,"0190-00110",68.6315979851585,153.023193583178,44.850454612851,0.44850454612851
"170","mech","post_18","mech","post_18",190,"0190-00111",141.518511360261,240.11028552595,58.9389625897413,0.589389625897413
"171","mech","post_18","mech","post_18",190,"0190-00113",159.213250720487,300.789133356043,52.9318492806143,0.529318492806143
"172","mech","post_18","mech","post_18",190,"0190-00114",0.214141163223956,170.177236213094,0.125834199678628,0.00125834199678628
"173","mech","post_18","mech","post_18",350,"0350-00002",124.000832817316,178.529537026857,69.456760423157,0.69456760423157
"174","mech","post_18","mech","post_18",350,"0350-00003",58.8670719614849,100.860711366453,58.3647201808897,0.583647201808897
"175","mech","post_18","mech","post_18",350,"0350-00005",127.608527863762,242.864922258418,52.5430048428244,0.525430048428244
"176","mech","post_18","mech","post_18",350,"0350-00106",42.415949432043,146.34304640588,28.9839185897517,0.289839185897517
"177","mech","post_18","mech","post_18",350,"0350-00111",306.89562018854,392.520007340468,78.1859814657402,0.781859814657402
"178","mech","post_18","mech","post_18",350,"0350-00116",143.375764564294,266.542376194643,53.7909831116662,0.537909831116662
"179","mech","post_18","mech","post_18",350,"0350-00119",85.7088823827572,206.11413279841,41.5832147068657,0.415832147068657
"180","mech","post_18","mech","post_18",490,"0490-00018",0.0543400777666808,79.632842226436,0.0682382748717731,0.000682382748717731
"181","mech","post_18","mech","post_18",490,"0490-00033",0.270166883768704,100.286975681554,0.269393789106352,0.00269393789106352
"182","mech","post_18","mech","post_18",490,"0490-00035",96.3243127263696,200.47519001228,48.0479967224221,0.480479967224221
"183","mech","post_18","mech","post_18",490,"0490-00041",198.308433855807,359.872519755557,55.1051894683451,0.551051894683451
"184","mech","post_18","mech","post_18",490,"0490-00102",257.262168500765,263.605969011295,97.593453390178,0.97593453390178
"185","mech","post_18","mech","post_18",490,"0490-00103",143.406545323036,277.049257593628,51.7621113908137,0.517621113908136
"186","mech","post_18","mech","post_18",490,"0490-00104",199.934200990363,256.846796980628,77.8418120610017,0.778418120610017
"187","mech","post_18","mech","post_18",490,"0490-00105",92.6283124404914,177.280237763669,52.2496549017344,0.522496549017344
"188","mech","post_18","mech","post_18",490,"0490-00110",0.356638255081279,115.591838729042,0.308532383430003,0.00308532383430003
"189","mech","post_18","mech","post_18",490,"0490-00115",304.922982893473,351.143014138627,86.837263056896,0.86837263056896
"190","mech","post_18","mech","post_18",490,"0490-00117",152.980900483568,218.910816435677,69.8827508728966,0.698827508728966
"191","mech","post_18","mech","post_18",490,"0490-00120",0.274030179857848,135.37483041824,0.202423285784538,0.00202423285784538
"192","mech","post_18","mech","post_18",490,"0490-00122",157.198316555812,242.035004538372,64.9485874390907,0.649485874390907
"193","mech","post_18","mech","post_18",490,"0490-00126",166.683349052526,203.144428078861,82.0516470123508,0.820516470123508
"194","mech","pre_treatment","mech","pre_treatment",190,"0190-00010",72.8662679750213,186.348155878568,39.1022211255496,0.391022211255496
"195","mech","pre_treatment","mech","pre_treatment",190,"0190-00026",28.2962992526441,120.449001302597,23.4923485845739,0.234923485845739
"196","mech","pre_treatment","mech","pre_treatment",190,"0190-00102",11.1303153474127,198.626478057813,5.60364129508104,0.0560364129508104
"197","mech","pre_treatment","mech","pre_treatment",190,"0190-00104",54.5196788457953,163.224835275323,33.4015830090028,0.334015830090028
"198","mech","pre_treatment","mech","pre_treatment",190,"0190-00110",35.8145016861853,121.834889813638,29.3959322661744,0.293959322661744
"199","mech","pre_treatment","mech","pre_treatment",190,"0190-00111",89.8493501653571,189.182479850832,47.4934836651904,0.474934836651904
"200","mech","pre_treatment","mech","pre_treatment",190,"0190-00113",84.8400807428374,166.478378078742,50.9616213960887,0.509616213960887
"201","mech","pre_treatment","mech","pre_treatment",190,"0190-00116",10.9457052119892,177.596469846993,6.16324481078897,0.0616324481078897
"202","mech","pre_treatment","mech","pre_treatment",350,"0350-00002",80.5113287868181,170.780373505483,47.1431975081336,0.471431975081336
"203","mech","pre_treatment","mech","pre_treatment",350,"0350-00003",40.3293434936934,120.338422802987,33.5132724480848,0.335132724480848
"204","mech","pre_treatment","mech","pre_treatment",350,"0350-00005",64.4131709929386,195.930291547566,32.8755551192047,0.328755551192047
"205","mech","pre_treatment","mech","pre_treatment",350,"0350-00101",16.1338528930709,222.107329108559,7.26398942251256,0.0726398942251256
"206","mech","pre_treatment","mech","pre_treatment",350,"0350-00103",1.29314607050414,226.072793903876,0.572004285953121,0.00572004285953121
"207","mech","pre_treatment","mech","pre_treatment",350,"0350-00106",18.6859057762912,129.373217503856,14.443411191914,0.14443411191914
"208","mech","pre_treatment","mech","pre_treatment",350,"0350-00111",169.80669868604,261.432640048081,64.9523711556485,0.649523711556485
"209","mech","pre_treatment","mech","pre_treatment",350,"0350-00113",79.1162946707592,170.082673007261,46.516375402556,0.46516375402556
"210","mech","pre_treatment","mech","pre_treatment",350,"0350-00116",99.4013814330646,214.921523976454,46.2500821667143,0.462500821667143
"211","mech","pre_treatment","mech","pre_treatment",350,"0350-00117",33.3704692998209,205.418260389002,16.2451328507149,0.162451328507149
"212","mech","pre_treatment","mech","pre_treatment",350,"0350-00119",68.949933159602,210.362253608149,32.7767610286388,0.327767610286388
"213","mech","pre_treatment","mech","pre_treatment",490,"0490-00008",14.0005629601749,120.274499716841,11.6405081651855,0.116405081651855
"214","mech","pre_treatment","mech","pre_treatment",490,"0490-00035",85.0511566905357,193.766485541932,43.8936364318432,0.438936364318432
"215","mech","pre_treatment","mech","pre_treatment",490,"0490-00041",144.012089145767,277.980877133385,51.8064733915724,0.518064733915724
"216","mech","pre_treatment","mech","pre_treatment",490,"0490-00102",186.763371366162,211.72751034355,88.2093078330345,0.882093078330345
"217","mech","pre_treatment","mech","pre_treatment",490,"0490-00103",112.025694345847,303.134609254161,36.9557585725619,0.369557585725619
"218","mech","pre_treatment","mech","pre_treatment",490,"0490-00104",219.257323547576,354.656520519382,61.8224425217056,0.618224425217056
"219","mech","pre_treatment","mech","pre_treatment",490,"0490-00105",47.1436231785714,189.127897735692,24.9268477802546,0.249268477802546
"220","mech","pre_treatment","mech","pre_treatment",490,"0490-00110",63.3956704596157,168.045298600817,37.7253460748157,0.377253460748157
"221","mech","pre_treatment","mech","pre_treatment",490,"0490-00115",271.839969050212,363.714049169968,74.7400243874489,0.747400243874489
"222","mech","pre_treatment","mech","pre_treatment",490,"0490-00117",79.0899577372488,185.544009192073,42.6259829577013,0.426259829577013
"223","mech","pre_treatment","mech","pre_treatment",490,"0490-00122",72.7432146160261,237.720576323862,30.6003021450375,0.306003021450375
"224","mech","pre_treatment","mech","pre_treatment",490,"0490-00124",72.4298537078443,168.752729668254,42.9207005126566,0.429207005126566
"225","mech","pre_treatment","mech","pre_treatment",490,"0490-00126",77.0165467001813,192.386110003107,40.0322802404692,0.400322802404692
"226","mechburn","post_18","mechburn","post_18",180,"0180-00004",262.565913368715,290.805886049519,90.2890642743057,0.902890642743057
"227","mechburn","post_18","mechburn","post_18",180,"0180-00010",44.5935937585045,45.8938915639008,97.1667301222739,0.971667301222739
"228","mechburn","post_18","mechburn","post_18",180,"0180-00018",84.3671326243221,85.4260936720893,98.7603775354261,0.987603775354261
"229","mechburn","post_18","mechburn","post_18",180,"0180-00102",168.438555443986,291.459694160136,57.7913717810468,0.577913717810468
"230","mechburn","post_18","mechburn","post_18",180,"0180-00107",257.872264175578,276.557824746967,93.2435248980985,0.932435248980985
"231","mechburn","post_18","mechburn","post_18",180,"0180-00108",188.976697522801,210.211308296124,89.8984450715611,0.898984450715611
"232","mechburn","post_18","mechburn","post_18",180,"0180-00109",105.77106865403,155.32526717728,68.0964987707432,0.680964987707432
"233","mechburn","post_18","mechburn","post_18",180,"0180-00111",109.747306559583,180.289723510368,60.8727466118009,0.608727466118009
"234","mechburn","post_18","mechburn","post_18",180,"0180-00114",174.480013406111,300.466215189861,58.069761119685,0.58069761119685
"235","mechburn","post_18","mechburn","post_18",180,"0180-00120",15.0678941095527,15.0678941095527,100,1
"236","mechburn","post_18","mechburn","post_18",180,"0180-00121",49.1380269883606,281.973763206799,17.4264535925361,0.174264535925361
"237","mechburn","post_18","mechburn","post_18",380,"0380-00002",25.1456039917042,107.299136272706,23.4350479092352,0.234350479092352
"238","mechburn","post_18","mechburn","post_18",380,"0380-00004",48.3241150253096,215.648933994351,22.408696454106,0.22408696454106
"239","mechburn","post_18","mechburn","post_18",380,"0380-00006",79.3364287796239,126.177738810213,62.876724157306,0.62876724157306
"240","mechburn","post_18","mechburn","post_18",380,"0380-00010",33.1474658371587,108.107904553435,30.6614636312506,0.306614636312506
"241","mechburn","post_18","mechburn","post_18",380,"0380-00015",133.054314292605,155.50330456084,85.5636570993564,0.855636570993564
"242","mechburn","post_18","mechburn","post_18",380,"0380-00102",132.871839558607,189.790880933168,70.0096015705809,0.700096015705808
"243","mechburn","post_18","mechburn","post_18",380,"0380-00107",86.4981954086134,156.029242516552,55.4371693494812,0.554371693494812
"244","mechburn","post_18","mechburn","post_18",380,"0380-00110",123.314037474235,128.462095767404,95.9925468579541,0.959925468579541
"245","mechburn","post_18","mechburn","post_18",380,"0380-00114",234.361869420602,234.361869420602,100,1
"246","mechburn","post_18","mechburn","post_18",380,"0380-00117",61.0120620928322,207.16133862964,29.4514712525142,0.294514712525142
"247","mechburn","post_18","mechburn","post_18",380,"0380-00118",72.2622136584658,154.923511995924,46.6438003679952,0.466438003679952
"248","mechburn","post_18","mechburn","post_18",380,"0380-00119",215.627111841449,223.477748047751,96.4870613406107,0.964870613406107
"249","mechburn","post_18","mechburn","post_18",380,"0380-00120",104.121495855954,281.697751733619,36.9621323617856,0.369621323617856
"250","mechburn","post_18","mechburn","post_18",380,"0380-00125",80.9374389772964,226.868754682004,35.6758863029614,0.356758863029614
"251","mechburn","post_18","mechburn","post_18",380,"0380-00126",120.004577253862,120.004577253862,100,1
"252","mechburn","post_18","mechburn","post_18",570,"0570-00011",27.4532572081426,107.333666790489,25.5774893647586,0.255774893647586
"253","mechburn","post_18","mechburn","post_18",570,"0570-00013",105.386974471663,130.156803940122,80.969239625879,0.80969239625879
"254","mechburn","post_18","mechburn","post_18",570,"0570-00017",110.003188570725,211.4328788694,52.0274751774404,0.520274751774404
"255","mechburn","post_18","mechburn","post_18",570,"0570-00023",134.418210155616,207.053915144673,64.9194245188242,0.649194245188242
"256","mechburn","post_18","mechburn","post_18",570,"0570-00101",123.581863584093,180.06360454062,68.6323390556225,0.686323390556225
"257","mechburn","post_18","mechburn","post_18",570,"0570-00102",66.4116896144259,86.8579046865226,76.4601562219481,0.764601562219481
"258","mechburn","post_18","mechburn","post_18",570,"0570-00103",66.9888826023565,150.22106418707,44.5935348447107,0.445935348447107
"259","mechburn","post_18","mechburn","post_18",570,"0570-00104",82.6730759813785,89.6246287620673,92.2437025662404,0.922437025662404
"260","mechburn","post_18","mechburn","post_18",570,"0570-00105",101.190134787917,152.468682242043,66.3678161966918,0.663678161966918
"261","mechburn","post_18","mechburn","post_18",570,"0570-00106",222.808229123833,260.96020583027,85.3801553439718,0.853801553439718
"262","mechburn","post_18","mechburn","post_18",570,"0570-00107",77.7370281217759,197.163049949722,39.4277873778071,0.394277873778071
"263","mechburn","post_18","mechburn","post_18",570,"0570-00110",49.3818629764514,111.779820269564,44.1777977969227,0.441777977969227
"264","mechburn","post_18","mechburn","post_18",570,"0570-00111",85.3634287763803,138.997845060416,61.4134907913691,0.614134907913691
"265","mechburn","post_18","mechburn","post_18",570,"0570-00112",32.0261125793329,135.460469475833,23.6424048309139,0.236424048309139
"266","mechburn","post_18","mechburn","post_18",570,"0570-00113",131.164151273742,185.141405579709,70.8453902372865,0.708453902372865
"267","mechburn","post_18","mechburn","post_18",570,"0570-00119",47.574066009463,124.232080289321,38.2945096779099,0.382945096779099
"268","mechburn","pre_treatment","mechburn","pre_treatment",180,"0180-00004",161.689426362772,288.68593301005,56.0087651922905,0.560087651922905
"269","mechburn","pre_treatment","mechburn","pre_treatment",180,"0180-00008",5.09934225677879,129.786942381157,3.9290102403392,0.039290102403392
"270","mechburn","pre_treatment","mechburn","pre_treatment",180,"0180-00010",130.909633251132,150.812465471829,86.8029262976182,0.868029262976182
"271","mechburn","pre_treatment","mechburn","pre_treatment",180,"0180-00018",43.9125263955117,76.7224628099239,57.2355536921472,0.572355536921472
"272","mechburn","pre_treatment","mechburn","pre_treatment",180,"0180-00101",159.167849413785,301.322497654727,52.8230884360214,0.528230884360214
"273","mechburn","pre_treatment","mechburn","pre_treatment",180,"0180-00102",249.460726756081,339.43321118821,73.4933172516697,0.734933172516697
"274","mechburn","pre_treatment","mechburn","pre_treatment",180,"0180-00107",208.280396168491,282.720085193311,73.670180180541,0.73670180180541
"275","mechburn","pre_treatment","mechburn","pre_treatment",180,"0180-00108",124.902688806549,179.801207599499,69.4671022926419,0.694671022926419
"276","mechburn","pre_treatment","mechburn","pre_treatment",180,"0180-00109",72.6231194164198,152.954135736189,47.4803241291089,0.474803241291089
"277","mechburn","pre_treatment","mechburn","pre_treatment",180,"0180-00110",0.523470187161258,36.9035175331638,1.41848317491912,0.0141848317491912
"278","mechburn","pre_treatment","mechburn","pre_treatment",180,"0180-00111",75.0666646928753,204.470457452752,36.7127191028177,0.367127191028177
"279","mechburn","pre_treatment","mechburn","pre_treatment",180,"0180-00114",221.762551013078,383.700888645891,57.7956834542902,0.577956834542902
"280","mechburn","pre_treatment","mechburn","pre_treatment",180,"0180-00120",76.9766147755003,102.922253939404,74.7910309278895,0.747910309278895
"281","mechburn","pre_treatment","mechburn","pre_treatment",180,"0180-00121",133.219242382829,226.903693324654,58.7117998966277,0.587117998966277
"282","mechburn","pre_treatment","mechburn","pre_treatment",380,"0380-00002",17.145021184791,108.85378754351,15.7505049403429,0.157505049403429
"283","mechburn","pre_treatment","mechburn","pre_treatment",380,"0380-00004",27.9230000387077,188.760102570053,14.7928506387333,0.147928506387333
"284","mechburn","pre_treatment","mechburn","pre_treatment",380,"0380-00006",126.477242346208,176.857773445914,71.5135330960657,0.715135330960657
"285","mechburn","pre_treatment","mechburn","pre_treatment",380,"0380-00010",24.1636680156837,138.432863362222,17.4551529375343,0.174551529375343
"286","mechburn","pre_treatment","mechburn","pre_treatment",380,"0380-00015",112.553623199617,184.023073363131,61.1627776575149,0.611627776575149
"287","mechburn","pre_treatment","mechburn","pre_treatment",380,"0380-00102",87.7050136320982,178.224887470962,49.2103066393509,0.492103066393509
"288","mechburn","pre_treatment","mechburn","pre_treatment",380,"0380-00103",86.2356075908444,257.082431668231,33.5439520434181,0.335439520434181
"289","mechburn","pre_treatment","mechburn","pre_treatment",380,"0380-00104",83.392357665155,314.973706663285,26.4759743118188,0.264759743118188
"290","mechburn","pre_treatment","mechburn","pre_treatment",380,"0380-00107",64.3972678922813,205.099995402902,31.3979860242211,0.313979860242211
"291","mechburn","pre_treatment","mechburn","pre_treatment",380,"0380-00110",154.057127946462,241.559210418655,63.7761349192441,0.637761349192441
"292","mechburn","pre_treatment","mechburn","pre_treatment",380,"0380-00113",177.664526732824,233.784385727756,75.9950354168286,0.759950354168286
"293","mechburn","pre_treatment","mechburn","pre_treatment",380,"0380-00114",153.765253766993,273.26769833479,56.2690924335336,0.562690924335336
"294","mechburn","pre_treatment","mechburn","pre_treatment",380,"0380-00117",85.6926493698941,210.883127049042,40.6351378457917,0.406351378457917
"295","mechburn","pre_treatment","mechburn","pre_treatment",380,"0380-00118",77.393159512554,172.271936774241,44.9249953078407,0.449249953078407
"296","mechburn","pre_treatment","mechburn","pre_treatment",380,"0380-00119",130.545518516786,185.015192934781,70.5593505300964,0.705593505300964
"297","mechburn","pre_treatment","mechburn","pre_treatment",380,"0380-00120",66.7995828365565,227.881896126512,29.313246893238,0.29313246893238
"298","mechburn","pre_treatment","mechburn","pre_treatment",380,"0380-00125",182.765783902488,334.720192798238,54.6025569519957,0.546025569519957
"299","mechburn","pre_treatment","mechburn","pre_treatment",380,"0380-00126",224.019786355548,322.40486960233,69.4839958936926,0.694839958936926
"300","mechburn","pre_treatment","mechburn","pre_treatment",380,"0380-00127",139.793018095528,330.523484890369,42.2944282285708,0.422944282285708
"301","mechburn","pre_treatment","mechburn","pre_treatment",570,"0570-00011",12.9655941017094,92.3284059414851,14.042909080361,0.14042909080361
"302","mechburn","pre_treatment","mechburn","pre_treatment",570,"0570-00013",89.7114554523227,128.476580040207,69.8270886602427,0.698270886602427
"303","mechburn","pre_treatment","mechburn","pre_treatment",570,"0570-00017",78.9171881333889,311.081419852673,25.3686601310884,0.253686601310884
"304","mechburn","pre_treatment","mechburn","pre_treatment",570,"0570-00023",83.2788954932354,178.608043062078,46.626621100311,0.46626621100311
"305","mechburn","pre_treatment","mechburn","pre_treatment",570,"0570-00101",78.7565504981542,126.859533202356,62.081696589982,0.62081696589982
"306","mechburn","pre_treatment","mechburn","pre_treatment",570,"0570-00102",36.4703401991867,119.178063640643,30.6015545857126,0.306015545857126
"307","mechburn","pre_treatment","mechburn","pre_treatment",570,"0570-00103",125.108770809379,230.18932774442,54.350378462501,0.54350378462501
"308","mechburn","pre_treatment","mechburn","pre_treatment",570,"0570-00104",56.6609544022472,87.421930364672,64.8132043823462,0.648132043823462
"309","mechburn","pre_treatment","mechburn","pre_treatment",570,"0570-00105",74.532924334915,194.668603300746,38.2870802333586,0.382870802333586
"310","mechburn","pre_treatment","mechburn","pre_treatment",570,"0570-00106",187.484745952419,217.132985803799,86.3455846003195,0.863455846003195
"311","mechburn","pre_treatment","mechburn","pre_treatment",570,"0570-00107",51.1518636080305,162.415039482058,31.4945363256715,0.314945363256715
"312","mechburn","pre_treatment","mechburn","pre_treatment",570,"0570-00110",31.5835507856755,125.826528464854,25.1008679735589,0.251008679735589
"313","mechburn","pre_treatment","mechburn","pre_treatment",570,"0570-00111",60.347145784794,112.172346817812,53.7985943031116,0.537985943031116
"314","mechburn","pre_treatment","mechburn","pre_treatment",570,"0570-00112",18.7297390493287,179.311495200676,10.4453643802185,0.104453643802185
"315","mechburn","pre_treatment","mechburn","pre_treatment",570,"0570-00113",90.7190596410396,166.899582881971,54.355474156694,0.54355474156694
"316","mechburn","pre_treatment","mechburn","pre_treatment",570,"0570-00115",11.5529639129919,182.671996273813,6.32443075493346,0.0632443075493346
"317","mechburn","pre_treatment","mechburn","pre_treatment",570,"0570-00119",21.0785979467954,131.418112776007,16.0393400129877,0.160393400129877
"318","burn","post_18","burn","post_18",60,"0060-00101",0,103.607063036167,0,0
"319","burn","post_18","burn","post_18",60,"0060-00108",0,12.6819637057612,0,0
"320","burn","post_18","burn","post_18",60,"0060-00112",0,152.105901239977,0,0
"321","burn","post_18","burn","post_18",60,"0060-00116",0,149.705196645433,0,0
"322","burn","post_18","burn","post_18",340,"0340-00006",0,182.235228413003,0,0
"323","burn","post_18","burn","post_18",340,"0340-00013",0,159.125708993608,0,0
"324","burn","post_18","burn","post_18",340,"0340-00024",0,308.818356479829,0,0
"325","burn","post_18","burn","post_18",340,"0340-00025",0,138.876300637277,0,0
"326","burn","post_18","burn","post_18",340,"0340-00026",0,81.7427975687073,0,0
"327","burn","post_18","burn","post_18",340,"0340-00103",0,241.204044526264,0,0
"328","burn","post_18","burn","post_18",340,"0340-00104",0,171.831863629549,0,0
"329","burn","post_18","burn","post_18",340,"0340-00111",0,109.630620670922,0,0
"330","burn","post_18","burn","post_18",340,"0340-00114",0,224.871246759644,0,0
"331","burn","post_18","burn","post_18",340,"0340-00116",0,192.722237397674,0,0
"332","burn","post_18","burn","post_18",340,"0340-00117",0,180.131664001861,0,0
"333","burn","post_18","burn","post_18",340,"0340-00122",0,153.279150635323,0,0
"334","burn","post_18","burn","post_18",400,"0400-00023",0,80.6813685372738,0,0
"335","burn","pre_treatment","burn","pre_treatment",60,"0060-00027",0,56.8817566108277,0,0
"336","burn","pre_treatment","burn","pre_treatment",60,"0060-00101",0,76.1887622545748,0,0
"337","burn","pre_treatment","burn","pre_treatment",60,"0060-00107",0,65.6578101920386,0,0
"338","burn","pre_treatment","burn","pre_treatment",60,"0060-00108",0,51.9344617442666,0,0
"339","burn","pre_treatment","burn","pre_treatment",60,"0060-00112",0,113.952471746209,0,0
"340","burn","pre_treatment","burn","pre_treatment",60,"0060-00116",0,152.70698033525,0,0
"341","burn","pre_treatment","burn","pre_treatment",340,"0340-00006",0,125.617724121979,0,0
"342","burn","pre_treatment","burn","pre_treatment",340,"0340-00013",0,133.288254172902,0,0
"343","burn","pre_treatment","burn","pre_treatment",340,"0340-00024",0,226.160215786682,0,0
"344","burn","pre_treatment","burn","pre_treatment",340,"0340-00026",0,132.586639082992,0,0
"345","burn","pre_treatment","burn","pre_treatment",340,"0340-00103",0,235.742060677538,0,0
"346","burn","pre_treatment","burn","pre_treatment",340,"0340-00104",0,115.119045416198,0,0
"347","burn","pre_treatment","burn","pre_treatment",340,"0340-00108",0,81.8454940925122,0,0
"348","burn","pre_treatment","burn","pre_treatment",340,"0340-00111",0,155.092448071189,0,0
"349","burn","pre_treatment","burn","pre_treatment",340,"0340-00114",0,195.414425398412,0,0
"350","burn","pre_treatment","burn","pre_treatment",340,"0340-00116",0,173.535717200747,0,0
"351","burn","pre_treatment","burn","pre_treatment",340,"0340-00117",0,182.599224361123,0,0
"352","burn","pre_treatment","burn","pre_treatment",340,"0340-00122",0,139.979525899279,0,0
"353","burn","pre_treatment","burn","pre_treatment",400,"0400-00002",0,92.2602426834873,0,0
"354","burn","pre_treatment","burn","pre_treatment",400,"0400-00023",0,49.2411316606315,0,0
"355","control","post_18","control","post_18",40,"0040-00012",0,172.749000708329,0,0
"356","control","post_18","control","post_18",40,"0040-00101",0,255.930362418108,0,0
"357","control","post_18","control","post_18",40,"0040-00107",0,189.541273092469,0,0
"358","control","post_18","control","post_18",40,"0040-00110",0,551.935350634781,0,0
"359","control","post_18","control","post_18",40,"0040-00113",0,410.830643333598,0,0
"360","control","post_18","control","post_18",40,"0040-00114",0,151.284838075754,0,0
"361","control","post_18","control","post_18",40,"0040-00115",0,197.169521345316,0,0
"362","control","post_18","control","post_18",40,"0040-00116",0,213.053278560418,0,0
"363","control","post_18","control","post_18",240,"0240-00101",0,223.316795185263,0,0
"364","control","post_18","control","post_18",240,"0240-00104",0,241.719267847496,0,0
"365","control","post_18","control","post_18",240,"0240-00110",0,96.9820273286144,0,0
"366","control","post_18","control","post_18",590,"0590-00101",0,70.6294485300866,0,0
"367","control","pre_treatment","control","pre_treatment",40,"0040-00002",0,144.562626056258,0,0
"368","control","pre_treatment","control","pre_treatment",40,"0040-00012",0,150.847765788784,0,0
"369","control","pre_treatment","control","pre_treatment",40,"0040-00101",0,188.089112052051,0,0
"370","control","pre_treatment","control","pre_treatment",40,"0040-00107",0,132.420565985964,0,0
"371","control","pre_treatment","control","pre_treatment",40,"0040-00110",0,426.551923715945,0,0
"372","control","pre_treatment","control","pre_treatment",40,"0040-00112",0,233.278005844321,0,0
"373","control","pre_treatment","control","pre_treatment",40,"0040-00113",0,311.917417141848,0,0
"374","control","pre_treatment","control","pre_treatment",40,"0040-00115",0,155.906327502801,0,0
"375","control","pre_treatment","control","pre_treatment",40,"0040-00116",0,195.643814801332,0,0
"376","control","pre_treatment","control","pre_treatment",240,"0240-00022",0,150.27785280239,0,0
"377","control","pre_treatment","control","pre_treatment",240,"0240-00101",0,212.983643425295,0,0
"378","control","pre_treatment","control","pre_treatment",240,"0240-00104",0,197.782165825308,0,0
"379","control","pre_treatment","control","pre_treatment",240,"0240-00106",0,169.216270184454,0,0
"380","control","pre_treatment","control","pre_treatment",240,"0240-00112",0,115.313907670818,0,0
"381","control","pre_treatment","control","pre_treatment",590,"0590-00101",0,55.9165049180725,0,0
"382","mech","post_18","mech","post_18",190,"0190-00024",0,263.32457947975,0,0
"383","mech","post_18","mech","post_18",190,"0190-00025",0,150.289860640964,0,0
"384","mech","post_18","mech","post_18",190,"0190-00102",0,292.343994400465,0,0
"385","mech","post_18","mech","post_18",190,"0190-00106",0,61.671812037115,0,0
"386","mech","post_18","mech","post_18",190,"0190-00108",0,103.607504792003,0,0
"387","mech","post_18","mech","post_18",190,"0190-00116",0,214.672351852061,0,0
"388","mech","post_18","mech","post_18",350,"0350-00101",0,135.618109921158,0,0
"389","mech","post_18","mech","post_18",350,"0350-00102",0,142.890376355173,0,0
"390","mech","post_18","mech","post_18",350,"0350-00103",0,215.215617411134,0,0
"391","mech","post_18","mech","post_18",350,"0350-00105",0,145.213406957357,0,0
"392","mech","post_18","mech","post_18",350,"0350-00109",0,154.894816743658,0,0
"393","mech","post_18","mech","post_18",350,"0350-00110",0,121.322704532745,0,0
"394","mech","post_18","mech","post_18",350,"0350-00112",0,194.647173456691,0,0
"395","mech","post_18","mech","post_18",350,"0350-00113",0,85.0837146419398,0,0
"396","mech","post_18","mech","post_18",350,"0350-00115",0,77.634855006477,0,0
"397","mech","post_18","mech","post_18",350,"0350-00117",0,147.054775858629,0,0
"398","mech","post_18","mech","post_18",490,"0490-00004",0,126.88827062755,0,0
"399","mech","post_18","mech","post_18",490,"0490-00008",0,140.1259205719,0,0
"400","mech","post_18","mech","post_18",490,"0490-00020",0,68.5188387723762,0,0
"401","mech","post_18","mech","post_18",490,"0490-00042",0,116.49893832379,0,0
"402","mech","post_18","mech","post_18",490,"0490-00124",0,121.786903968492,0,0
"403","mech","post_18","mech","post_18",490,"0490-00125",0,139.656810472487,0,0
"404","mech","pre_treatment","mech","pre_treatment",190,"0190-00024",0,268.693764023837,0,0
"405","mech","pre_treatment","mech","pre_treatment",190,"0190-00025",0,142.032893540654,0,0
"406","mech","pre_treatment","mech","pre_treatment",190,"0190-00027",0,83.3916891384849,0,0
"407","mech","pre_treatment","mech","pre_treatment",190,"0190-00106",0,77.707534885305,0,0
"408","mech","pre_treatment","mech","pre_treatment",190,"0190-00108",0,121.536433332692,0,0
"409","mech","pre_treatment","mech","pre_treatment",190,"0190-00114",0,124.110277442026,0,0
"410","mech","pre_treatment","mech","pre_treatment",350,"0350-00102",0,129.053555237144,0,0
"411","mech","pre_treatment","mech","pre_treatment",350,"0350-00105",0,161.308608161744,0,0
"412","mech","pre_treatment","mech","pre_treatment",350,"0350-00109",0,155.506953711399,0,0
"413","mech","pre_treatment","mech","pre_treatment",350,"0350-00110",0,106.099493762353,0,0
"414","mech","pre_treatment","mech","pre_treatment",350,"0350-00112",0,168.709118266325,0,0
"415","mech","pre_treatment","mech","pre_treatment",350,"0350-00115",0,110.896794358135,0,0
"416","mech","pre_treatment","mech","pre_treatment",490,"0490-00004",0,140.851017406159,0,0
"417","mech","pre_treatment","mech","pre_treatment",490,"0490-00018",0,89.9116048818426,0,0
"418","mech","pre_treatment","mech","pre_treatment",490,"0490-00020",0,150.353179845525,0,0
"419","mech","pre_treatment","mech","pre_treatment",490,"0490-00033",0,151.624442149152,0,0
"420","mech","pre_treatment","mech","pre_treatment",490,"0490-00042",0,128.214528397784,0,0
"421","mech","pre_treatment","mech","pre_treatment",490,"0490-00120",0,174.429878372177,0,0
"422","mech","pre_treatment","mech","pre_treatment",490,"0490-00125",0,96.7610040202743,0,0
"423","mechburn","post_18","mechburn","post_18",180,"0180-00008",0,118.685251272738,0,0
"424","mechburn","post_18","mechburn","post_18",180,"0180-00013",0,97.5524032702484,0,0
"425","mechburn","post_18","mechburn","post_18",180,"0180-00101",0,81.8324190036707,0,0
"426","mechburn","post_18","mechburn","post_18",180,"0180-00110",0,21.0789011695712,0,0
"427","mechburn","post_18","mechburn","post_18",180,"0180-00117",0,54.4636127904212,0,0
"428","mechburn","post_18","mechburn","post_18",380,"0380-00103",0,17.7054407416794,0,0
"429","mechburn","post_18","mechburn","post_18",380,"0380-00104",0,152.939241393067,0,0
"430","mechburn","post_18","mechburn","post_18",380,"0380-00112",0,142.12428224097,0,0
"431","mechburn","post_18","mechburn","post_18",380,"0380-00113",0,234.719753974491,0,0
"432","mechburn","post_18","mechburn","post_18",380,"0380-00127",0,19.5167056261091,0,0
"433","mechburn","post_18","mechburn","post_18",570,"0570-00025",0,44.2888975511976,0,0
"434","mechburn","post_18","mechburn","post_18",570,"0570-00115",0,107.134245030995,0,0
"435","mechburn","pre_treatment","mechburn","pre_treatment",180,"0180-00013",0,119.448317187389,0,0
"436","mechburn","pre_treatment","mechburn","pre_treatment",180,"0180-00117",0,184.264284068596,0,0
"437","mechburn","pre_treatment","mechburn","pre_treatment",380,"0380-00112",0,308.140213043303,0,0
"438","mechburn","pre_treatment","mechburn","pre_treatment",570,"0570-00025",0,83.1963031116014,0,0
