"treatment","timestep","treatment_factor","timestep_factor","comp","plot_id","tree_carbon_large","tree_carbon","large_percentage","large_percentage_01"
"burn","post_18","burn","post_18",60,"0060-00021",121.738759205429,157.98342068231,77.057933471535,0.77057933471535
"burn","post_18","burn","post_18",60,"0060-00102",123.544541032151,188.202703774577,65.64440284563,0.6564440284563
"burn","post_18","burn","post_18",60,"0060-00103",79.0999543192935,143.424270620799,55.1510242840466,0.551510242840466
"burn","post_18","burn","post_18",60,"0060-00104",70.8962359533677,138.411746992626,51.2212565001036,0.512212565001036
"burn","post_18","burn","post_18",60,"0060-00105",88.2870775970995,167.010846519911,52.8630801153229,0.528630801153229
"burn","post_18","burn","post_18",60,"0060-00107",55.2518728817653,91.0701608132328,60.6695677139257,0.606695677139257
"burn","post_18","burn","post_18",60,"0060-00109",182.175034808424,269.863332143533,67.5064053205753,0.675064053205753
"burn","post_18","burn","post_18",60,"0060-00111",108.545368963383,165.662293156629,65.5220731858135,0.655220731858135
"burn","post_18","burn","post_18",60,"0060-00112",44.1352495134452,152.105901239977,29.0161322826083,0.290161322826083
"burn","post_18","burn","post_18",60,"0060-00113",148.816426543086,175.247970545215,84.9176319018712,0.849176319018712
"burn","post_18","burn","post_18",60,"0060-00114",203.208796432602,244.717984862947,83.0379493956719,0.830379493956719
"burn","post_18","burn","post_18",60,"0060-00116",68.099315018367,149.705196645433,45.4889453033855,0.454889453033855
"burn","post_18","burn","post_18",60,"0060-00117",232.174065110206,262.680049764128,88.3866381625425,0.883866381625425
"burn","post_18","burn","post_18",60,"0060-00119",128.524489971257,276.414723378137,46.496976861625,0.46496976861625
"burn","post_18","burn","post_18",60,"0060-00130",40.0837791253146,129.959022873954,30.8433983565661,0.308433983565661
"burn","post_18","burn","post_18",340,"0340-00006",132.504912608052,182.235228413003,72.7109208038271,0.727109208038271
"burn","post_18","burn","post_18",340,"0340-00013",56.30405445513,159.125708993608,35.3833801032061,0.353833801032061
"burn","post_18","burn","post_18",340,"0340-00024",105.981748640188,308.818356479829,34.3184744094415,0.343184744094415
"burn","post_18","burn","post_18",340,"0340-00025",46.3736396124968,138.876300637277,33.392047022924,0.33392047022924
"burn","post_18","burn","post_18",340,"0340-00103",136.253689930124,241.204044526264,56.4889739712833,0.564889739712833
"burn","post_18","burn","post_18",340,"0340-00104",76.7432143744497,171.831863629549,44.6618064621005,0.446618064621005
"burn","post_18","burn","post_18",340,"0340-00109",54.6156873219225,137.995537403621,39.5778648712224,0.395778648712224
"burn","post_18","burn","post_18",340,"0340-00111",74.0046113034144,109.630620670922,67.5035960304867,0.675035960304867
"burn","post_18","burn","post_18",340,"0340-00112",429.134330869994,462.602722949519,92.7651977778833,0.927651977778833
"burn","post_18","burn","post_18",340,"0340-00113",181.725788828564,185.558412040258,97.9345462328799,0.979345462328799
"burn","post_18","burn","post_18",340,"0340-00114",218.131563734062,224.871246759644,97.0028702545573,0.970028702545573
"burn","post_18","burn","post_18",340,"0340-00116",127.622784890388,192.722237397674,66.221099658076,0.66221099658076
"burn","post_18","burn","post_18",340,"0340-00117",90.3900453740609,180.131664001861,50.1799868862186,0.501799868862186
"burn","post_18","burn","post_18",340,"0340-00121",167.020880761553,241.168707498865,69.2547895179721,0.692547895179721
"burn","post_18","burn","post_18",340,"0340-00122",47.793579654737,153.279150635323,31.1807440585616,0.311807440585616
"burn","post_18","burn","post_18",340,"0340-00123",229.412564912395,355.171821123104,64.5919949918773,0.645919949918773
"burn","post_18","burn","post_18",340,"0340-00124",120.530255141581,148.347318798596,81.2486913263453,0.812486913263453
"burn","post_18","burn","post_18",400,"0400-00009",46.8151168901927,182.468247316661,25.6565827636566,0.256565827636566
"burn","post_18","burn","post_18",400,"0400-00022",172.31125765374,245.352591609442,70.2300540309878,0.702300540309878
"burn","post_18","burn","post_18",400,"0400-00024",161.335986513779,281.659322044818,57.2805420898182,0.572805420898182
"burn","post_18","burn","post_18",400,"0400-00101",136.342917431143,176.780290699478,77.1256325530781,0.771256325530781
"burn","post_18","burn","post_18",400,"0400-00102",60.3633157002309,125.106754895519,48.2494456439561,0.482494456439561
"burn","post_18","burn","post_18",400,"0400-00103",136.64349341634,237.586869305993,57.5130661957392,0.575130661957392
"burn","post_18","burn","post_18",400,"0400-00104",50.3173781714883,146.331447570321,34.3858951762969,0.343858951762969
"burn","post_18","burn","post_18",400,"0400-00105",238.595935500779,302.919706671609,78.7654055665112,0.787654055665112
"burn","post_18","burn","post_18",400,"0400-00106",297.903549992478,415.161602051814,71.7560459638312,0.717560459638312
"burn","post_18","burn","post_18",400,"0400-00108",180.366983126354,227.004073257026,79.4553950237418,0.794553950237418
"burn","post_18","burn","post_18",400,"0400-00109",49.5561459230161,206.853733537128,23.9570952264787,0.239570952264787
"burn","post_18","burn","post_18",400,"0400-00110",102.091007391658,226.642831315841,45.0448870581694,0.450448870581694
"burn","post_18","burn","post_18",400,"0400-00112",65.1342171685745,179.29040185737,36.3288923968112,0.363288923968112
"burn","post_18","burn","post_18",400,"0400-00116",134.472898352543,186.927882862737,71.9383840939808,0.719383840939808
"burn","post_18","burn","post_18",400,"0400-00118",38.1374947648468,161.436588484938,23.6238235227605,0.236238235227605
"burn","post_18","burn","post_18",400,"0400-00120",129.641023710485,234.462397178639,55.292885029965,0.55292885029965
"burn","post_18","burn","post_18",400,"0400-00121",155.00404693706,290.264953810922,53.4008825047579,0.534008825047579
"burn","pre_treatment","burn","pre_treatment",60,"0060-00021",55.5011934339442,148.942893046273,37.2634049861655,0.372634049861655
"burn","pre_treatment","burn","pre_treatment",60,"0060-00102",138.662716291159,211.090586968245,65.6887255290158,0.656887255290158
"burn","pre_treatment","burn","pre_treatment",60,"0060-00107",35.9516482566062,65.6578101920386,54.756087891834,0.54756087891834
"burn","pre_treatment","burn","pre_treatment",60,"0060-00109",45.9446373736221,192.297396262763,23.8924906246995,0.238924906246995
"burn","pre_treatment","burn","pre_treatment",60,"0060-00113",40.8921115804852,113.219039882626,36.1176985981138,0.361176985981138
"burn","pre_treatment","burn","pre_treatment",60,"0060-00114",109.054861479402,336.495153758263,32.4090437147117,0.324090437147117
"burn","pre_treatment","burn","pre_treatment",60,"0060-00116",48.5159460977957,152.70698033525,31.7706145398755,0.317706145398755
"burn","pre_treatment","burn","pre_treatment",60,"0060-00117",131.333417789433,185.640688017997,70.7460305128265,0.707460305128265
"burn","pre_treatment","burn","pre_treatment",60,"0060-00130",55.6449969012656,135.61445912258,41.0317581630208,0.410317581630208
"burn","pre_treatment","burn","pre_treatment",340,"0340-00006",90.2591326578132,125.617724121979,71.8522272941106,0.718522272941106
"burn","pre_treatment","burn","pre_treatment",340,"0340-00024",47.7432182163124,226.160215786682,21.1103522563599,0.211103522563599
"burn","pre_treatment","burn","pre_treatment",340,"0340-00026",47.6086758559395,132.586639082992,35.9075968628627,0.359075968628627
"burn","pre_treatment","burn","pre_treatment",340,"0340-00103",109.495886274351,235.742060677538,46.4473272014562,0.464473272014562
"burn","pre_treatment","burn","pre_treatment",340,"0340-00104",50.1096200575185,115.119045416198,43.5285229097877,0.435285229097877
"burn","pre_treatment","burn","pre_treatment",340,"0340-00112",227.524275046033,440.662678267074,51.6322997765054,0.516322997765054
"burn","pre_treatment","burn","pre_treatment",340,"0340-00113",104.123410483594,260.031158864205,40.0426667859331,0.400426667859331
"burn","pre_treatment","burn","pre_treatment",340,"0340-00114",48.8041356933401,195.414425398412,24.9746842352288,0.249746842352288
"burn","pre_treatment","burn","pre_treatment",340,"0340-00116",59.9305929036473,173.535717200747,34.5350189980311,0.345350189980311
"burn","pre_treatment","burn","pre_treatment",340,"0340-00123",140.424634590712,231.921806481441,60.5482669875413,0.605482669875413
"burn","pre_treatment","burn","pre_treatment",340,"0340-00124",42.9637644885308,131.445237228661,32.6856760993107,0.326856760993107
"burn","pre_treatment","burn","pre_treatment",400,"0400-00009",34.4095633375672,161.323522851228,21.3295387612503,0.213295387612503
"burn","pre_treatment","burn","pre_treatment",400,"0400-00022",98.8613878595684,189.588648383123,52.1452042106384,0.521452042106384
"burn","pre_treatment","burn","pre_treatment",400,"0400-00024",40.7542008127577,199.259506559435,20.4528263250525,0.204528263250525
"burn","pre_treatment","burn","pre_treatment",400,"0400-00101",39.3527310608891,122.390102374471,32.1535240982834,0.321535240982834
"burn","pre_treatment","burn","pre_treatment",400,"0400-00102",40.5590622982803,110.53225035751,36.6943242059167,0.366943242059167
"burn","pre_treatment","burn","pre_treatment",400,"0400-00103",92.2903522144989,165.230911041619,55.855379379499,0.55855379379499
"burn","pre_treatment","burn","pre_treatment",400,"0400-00104",36.0766641700122,136.709607403092,26.389267627431,0.26389267627431
"burn","pre_treatment","burn","pre_treatment",400,"0400-00106",115.900170988762,270.667467804919,42.8201334754775,0.428201334754775
"burn","pre_treatment","burn","pre_treatment",400,"0400-00108",126.593436096389,228.652024704506,55.3651061082837,0.553651061082837
"burn","pre_treatment","burn","pre_treatment",400,"0400-00110",39.4879816484794,180.532872676171,21.8730146278182,0.218730146278182
"burn","pre_treatment","burn","pre_treatment",400,"0400-00112",56.7808481157405,150.253639151446,37.7899985893247,0.377899985893247
"burn","pre_treatment","burn","pre_treatment",400,"0400-00116",58.2248731597046,188.67805013919,30.8593782460394,0.308593782460394
"burn","pre_treatment","burn","pre_treatment",400,"0400-00120",93.5039781272613,154.080053122385,60.6853231371823,0.606853231371823
"control","post_18","control","post_18",40,"0040-00002",41.0655310719236,211.854342183044,19.3838514937978,0.193838514937978
"control","post_18","control","post_18",40,"0040-00003",211.357983440597,285.108958503747,74.1323543636807,0.741323543636807
"control","post_18","control","post_18",40,"0040-00005",129.634328619014,282.879539067948,45.8266897090337,0.458266897090337
"control","post_18","control","post_18",40,"0040-00007",54.4215474423333,164.682956387524,33.0462536233993,0.330462536233993
"control","post_18","control","post_18",40,"0040-00101",71.8162983451957,255.930362418108,28.0608747108602,0.280608747108602
"control","post_18","control","post_18",40,"0040-00103",292.183523919077,386.104253104239,75.6747747713086,0.756747747713086
"control","post_18","control","post_18",40,"0040-00104",239.509420867103,339.082514297453,70.6345537643967,0.706345537643967
"control","post_18","control","post_18",40,"0040-00105",310.621597589574,550.578264805632,56.4173374514214,0.564173374514214
"control","post_18","control","post_18",40,"0040-00106",109.601789558668,243.737096796599,44.9672171364755,0.449672171364755
"control","post_18","control","post_18",40,"0040-00109",410.949048605322,464.462025693518,88.4785032730518,0.884785032730518
"control","post_18","control","post_18",40,"0040-00110",423.81169352807,551.935350634781,76.7864738217337,0.767864738217337
"control","post_18","control","post_18",40,"0040-00111",117.384979175499,263.638476105109,44.5249801583209,0.445249801583209
"control","post_18","control","post_18",40,"0040-00112",105.926931921181,188.755756980595,56.1185171862446,0.561185171862446
"control","post_18","control","post_18",40,"0040-00113",196.77573016882,410.830643333598,47.8970430667307,0.478970430667307
"control","post_18","control","post_18",40,"0040-00114",73.5240149916248,151.284838075754,48.5997248149933,0.485997248149933
"control","post_18","control","post_18",40,"0040-00115",39.8745605973569,197.169521345316,20.2234910980597,0.202234910980597
"control","post_18","control","post_18",240,"0240-00003",137.074568743315,209.301853693115,65.4913304992981,0.654913304992981
"control","post_18","control","post_18",240,"0240-00007",72.3462841329221,153.262040772667,47.2043069296154,0.472043069296154
"control","post_18","control","post_18",240,"0240-00009",109.225618492226,212.159458641217,51.4827946827193,0.514827946827193
"control","post_18","control","post_18",240,"0240-00026",204.976243186058,234.095363322281,87.5610009002466,0.875610009002466
"control","post_18","control","post_18",240,"0240-00101",43.799097223913,223.316795185263,19.6129884398428,0.196129884398428
"control","post_18","control","post_18",240,"0240-00102",242.175394345544,342.500070802453,70.7081297175047,0.707081297175047
"control","post_18","control","post_18",240,"0240-00104",117.142662271102,241.719267847496,48.4622774651993,0.484622774651993
"control","post_18","control","post_18",240,"0240-00105",147.595468995458,259.256002868477,56.9303959647694,0.569303959647694
"control","post_18","control","post_18",240,"0240-00106",76.7942188330847,281.655088279391,27.2653404922363,0.272653404922363
"control","post_18","control","post_18",240,"0240-00107",93.8619256937219,130.144633054588,72.1212419526758,0.721212419526758
"control","post_18","control","post_18",240,"0240-00109",49.1456385034583,173.566924503464,28.3150943902779,0.283150943902779
"control","post_18","control","post_18",240,"0240-00113",137.106624848483,323.393144247557,42.3962682225347,0.423962682225347
"control","post_18","control","post_18",240,"0240-00114",203.397413893083,308.767427502348,65.873986624297,0.65873986624297
"control","post_18","control","post_18",240,"0240-00115",55.6269270136677,304.111934782759,18.2915961694843,0.182915961694843
"control","post_18","control","post_18",590,"0590-00005",88.0203384197055,224.487949716169,39.2093822991363,0.392093822991363
"control","post_18","control","post_18",590,"0590-00009",62.6843014347278,198.319445022674,31.6077434704202,0.316077434704202
"control","post_18","control","post_18",590,"0590-00013",131.960622821515,247.605207416526,53.2947687968161,0.532947687968161
"control","post_18","control","post_18",590,"0590-00021",50.9239076605154,163.254566716814,31.1929452784311,0.311929452784311
"control","post_18","control","post_18",590,"0590-00102",104.766571149922,214.075533512908,48.9390681086892,0.489390681086892
"control","post_18","control","post_18",590,"0590-00105",170.392490461439,248.061201721823,68.6896980578677,0.686896980578677
"control","post_18","control","post_18",590,"0590-00106",258.612541277614,386.995176263598,66.8257790121555,0.668257790121555
"control","post_18","control","post_18",590,"0590-00107",129.203702299082,303.777235570976,42.5323846456871,0.425323846456871
"control","post_18","control","post_18",590,"0590-00109",318.454072200675,417.425257951664,76.2900821486828,0.762900821486828
"control","post_18","control","post_18",590,"0590-00111",291.052599586594,452.149652779051,64.3708554894811,0.643708554894811
"control","post_18","control","post_18",590,"0590-00115",155.799577638754,222.171968618414,70.1256682414079,0.701256682414079
"control","post_18","control","post_18",590,"0590-00117",84.8828452575847,125.368342197549,67.7067621456068,0.677067621456068
"control","post_18","control","post_18",590,"0590-00118",281.832032574286,363.006768410476,77.6382307713888,0.776382307713888
"control","pre_treatment","control","pre_treatment",40,"0040-00003",101.42462637777,222.894039435171,45.5035166641453,0.455035166641453
"control","pre_treatment","control","pre_treatment",40,"0040-00005",52.129196033427,198.328675702853,26.2842455074574,0.262842455074574
"control","pre_treatment","control","pre_treatment",40,"0040-00007",39.7250357484118,122.339044026254,32.4712654611612,0.324712654611612
"control","pre_treatment","control","pre_treatment",40,"0040-00101",53.7091022940115,188.089112052051,28.5551362904772,0.285551362904772
"control","pre_treatment","control","pre_treatment",40,"0040-00103",174.190877888029,283.722856250499,61.394728711682,0.61394728711682
"control","pre_treatment","control","pre_treatment",40,"0040-00104",82.3363990153017,227.093548140176,36.2565998416118,0.362565998416118
"control","pre_treatment","control","pre_treatment",40,"0040-00105",136.535335351036,346.284275294821,39.428684780674,0.39428684780674
"control","pre_treatment","control","pre_treatment",40,"0040-00106",47.5960347762384,177.556432850164,26.8061449603483,0.268061449603483
"control","pre_treatment","control","pre_treatment",40,"0040-00109",239.847356417568,325.320192486147,73.726550628357,0.73726550628357
"control","pre_treatment","control","pre_treatment",40,"0040-00110",309.573953801174,426.551923715945,72.5759131747181,0.725759131747181
"control","pre_treatment","control","pre_treatment",40,"0040-00111",89.4335515636087,195.03709201795,45.8546375144773,0.458546375144773
"control","pre_treatment","control","pre_treatment",40,"0040-00112",47.6764644841371,233.278005844321,20.4376166160964,0.204376166160964
"control","pre_treatment","control","pre_treatment",40,"0040-00113",66.4607439933561,311.917417141848,21.3071602741351,0.213071602741351
"control","pre_treatment","control","pre_treatment",240,"0240-00007",89.5041972134561,141.79106293949,63.124004685438,0.63124004685438
"control","pre_treatment","control","pre_treatment",240,"0240-00009",41.1166208689652,139.563160918572,29.4609412672694,0.294609412672694
"control","pre_treatment","control","pre_treatment",240,"0240-00102",75.8855644466252,197.083037571682,38.5043610965375,0.385043610965375
"control","pre_treatment","control","pre_treatment",240,"0240-00104",43.2071446686915,197.782165825308,21.8458244141459,0.218458244141459
"control","pre_treatment","control","pre_treatment",240,"0240-00107",38.9836576954573,61.9397596623516,62.9380189848435,0.629380189848435
"control","pre_treatment","control","pre_treatment",240,"0240-00109",33.3731415713289,153.887552242195,21.6867063547835,0.216867063547835
"control","pre_treatment","control","pre_treatment",240,"0240-00113",62.4538762927566,208.076094170201,30.0149214842868,0.300149214842868
"control","pre_treatment","control","pre_treatment",240,"0240-00114",84.1884786574028,151.119541974836,55.7098556263634,0.557098556263634
"control","pre_treatment","control","pre_treatment",240,"0240-00115",36.8998965925563,202.839840832918,18.1916414650272,0.181916414650272
"control","pre_treatment","control","pre_treatment",590,"0590-00005",53.4992421304312,131.593802775661,40.6548340438462,0.406548340438462
"control","pre_treatment","control","pre_treatment",590,"0590-00013",62.5662034772584,150.140032716915,41.6718994561733,0.416718994561733
"control","pre_treatment","control","pre_treatment",590,"0590-00021",45.9340674501414,118.854448702738,38.6473270050035,0.386473270050035
"control","pre_treatment","control","pre_treatment",590,"0590-00105",71.3170759085339,178.021732042238,40.0608819442409,0.400608819442409
"control","pre_treatment","control","pre_treatment",590,"0590-00106",159.002812483889,242.217561521787,65.6446260481355,0.656446260481355
"control","pre_treatment","control","pre_treatment",590,"0590-00107",49.348474342559,172.140982532597,28.6674757030704,0.286674757030704
"control","pre_treatment","control","pre_treatment",590,"0590-00109",215.673266721366,271.982829649594,79.2966478800246,0.792966478800246
"control","pre_treatment","control","pre_treatment",590,"0590-00111",104.522006753025,263.1246239705,39.7233847504683,0.397233847504683
"control","pre_treatment","control","pre_treatment",590,"0590-00115",83.2554616493033,134.016559835688,62.1232642826973,0.621232642826973
"control","pre_treatment","control","pre_treatment",590,"0590-00118",114.148705246773,198.786418672654,57.4227887443076,0.574227887443076
"mech","post_18","mech","post_18",190,"0190-00010",118.037709204389,149.085876648018,79.1743066870567,0.791743066870567
"mech","post_18","mech","post_18",190,"0190-00024",157.266285146753,263.32457947975,59.7233594590616,0.597233594590616
"mech","post_18","mech","post_18",190,"0190-00025",98.3679132117597,150.289860640964,65.4521288343969,0.654521288343969
"mech","post_18","mech","post_18",190,"0190-00026",121.08500279983,171.839533510542,70.463996454228,0.70463996454228
"mech","post_18","mech","post_18",190,"0190-00027",49.007677598231,98.9102288017516,49.5476334368394,0.495476334368394
"mech","post_18","mech","post_18",190,"0190-00102",274.25913597071,292.343994400465,93.8138430150262,0.938138430150262
"mech","post_18","mech","post_18",190,"0190-00104",119.235368733052,183.336819948822,65.0362370015669,0.650362370015669
"mech","post_18","mech","post_18",190,"0190-00108",74.4394318642895,103.607504792003,71.8475288192012,0.718475288192012
"mech","post_18","mech","post_18",190,"0190-00110",104.609422985489,153.023193583178,68.3618087794169,0.683618087794169
"mech","post_18","mech","post_18",190,"0190-00111",198.061590199796,240.11028552595,82.4877575593864,0.824877575593864
"mech","post_18","mech","post_18",190,"0190-00113",159.213250720487,300.789133356043,52.9318492806143,0.529318492806143
"mech","post_18","mech","post_18",190,"0190-00114",54.3687535340912,170.177236213094,31.9483115039025,0.319483115039025
"mech","post_18","mech","post_18",190,"0190-00116",53.8515268536534,214.672351852061,25.0854506363094,0.250854506363094
"mech","post_18","mech","post_18",350,"0350-00002",127.887759514782,178.529537026857,71.6339501264393,0.716339501264393
"mech","post_18","mech","post_18",350,"0350-00003",58.8670719614849,100.860711366453,58.3647201808897,0.583647201808897
"mech","post_18","mech","post_18",350,"0350-00005",237.599998016209,242.864922258418,97.832159459979,0.97832159459979
"mech","post_18","mech","post_18",350,"0350-00102",84.166152058464,142.890376355173,58.9026036639851,0.589026036639851
"mech","post_18","mech","post_18",350,"0350-00105",50.2746203872738,145.213406957357,34.6211974780244,0.346211974780244
"mech","post_18","mech","post_18",350,"0350-00106",50.7997927382951,146.34304640588,34.7128162122596,0.347128162122596
"mech","post_18","mech","post_18",350,"0350-00109",88.7859855500934,154.894816743658,57.3201785680338,0.573201785680338
"mech","post_18","mech","post_18",350,"0350-00110",105.599993216368,121.322704532745,87.0405861978344,0.870405861978344
"mech","post_18","mech","post_18",350,"0350-00111",372.696530735249,392.520007340468,94.9496901471256,0.949496901471256
"mech","post_18","mech","post_18",350,"0350-00112",100.737762378621,194.647173456691,51.7540329970604,0.517540329970605
"mech","post_18","mech","post_18",350,"0350-00113",43.7517595659583,85.0837146419398,51.4220138954676,0.514220138954676
"mech","post_18","mech","post_18",350,"0350-00115",39.7215297219695,77.634855006477,51.16455710345,0.5116455710345
"mech","post_18","mech","post_18",350,"0350-00116",255.585414060896,266.542376194643,95.8892232108917,0.958892232108917
"mech","post_18","mech","post_18",350,"0350-00117",117.676018455669,147.054775858629,80.0218950854047,0.800218950854046
"mech","post_18","mech","post_18",350,"0350-00119",132.328505879847,206.11413279841,64.2015683656545,0.642015683656545
"mech","post_18","mech","post_18",490,"0490-00004",43.2142208404413,126.88827062755,34.0569074089489,0.340569074089489
"mech","post_18","mech","post_18",490,"0490-00008",116.693112987527,140.1259205719,83.2773212202734,0.832773212202734
"mech","post_18","mech","post_18",490,"0490-00018",63.4044860620197,79.632842226436,79.6210260607414,0.796210260607414
"mech","post_18","mech","post_18",490,"0490-00033",49.4750346138598,100.286975681554,49.3334595819902,0.493334595819902
"mech","post_18","mech","post_18",490,"0490-00035",153.833868512078,200.47519001228,76.7346166389244,0.767346166389244
"mech","post_18","mech","post_18",490,"0490-00041",338.13163745927,359.872519755557,93.9587267427215,0.939587267427215
"mech","post_18","mech","post_18",490,"0490-00042",79.0729512110689,116.49893832379,67.8743964097752,0.678743964097752
"mech","post_18","mech","post_18",490,"0490-00102",257.262168500765,263.605969011295,97.593453390178,0.97593453390178
"mech","post_18","mech","post_18",490,"0490-00103",194.627807646506,277.049257593628,70.2502541739287,0.702502541739287
"mech","post_18","mech","post_18",490,"0490-00104",253.315510325573,256.846796980628,98.6251389168303,0.986251389168303
"mech","post_18","mech","post_18",490,"0490-00105",160.437121021465,177.280237763669,90.4991571792349,0.904991571792349
"mech","post_18","mech","post_18",490,"0490-00110",91.6632155280037,115.591838729042,79.2990374890312,0.792990374890313
"mech","post_18","mech","post_18",490,"0490-00115",304.922982893473,351.143014138627,86.837263056896,0.86837263056896
"mech","post_18","mech","post_18",490,"0490-00117",152.464389491164,218.910816435677,69.6468050202366,0.696468050202366
"mech","post_18","mech","post_18",490,"0490-00120",102.254798445781,135.37483041824,75.5345717736934,0.755345717736934
"mech","post_18","mech","post_18",490,"0490-00122",180.685684569562,242.035004538372,74.652707741254,0.74652707741254
"mech","post_18","mech","post_18",490,"0490-00124",58.5847304053289,121.786903968492,48.104294054873,0.48104294054873
"mech","post_18","mech","post_18",490,"0490-00125",80.7583223027981,139.656810472487,57.8262685719204,0.578262685719204
"mech","post_18","mech","post_18",490,"0490-00126",132.042105038159,203.144428078861,64.9991271170383,0.649991271170383
"mech","pre_treatment","mech","pre_treatment",190,"0190-00010",110.233439319726,186.348155878568,59.1545641007355,0.591545641007355
"mech","pre_treatment","mech","pre_treatment",190,"0190-00024",129.949696774934,268.693764023837,48.3634956125761,0.483634956125761
"mech","pre_treatment","mech","pre_treatment",190,"0190-00026",51.159915149525,120.449001302597,42.4743373512902,0.424743373512902
"mech","pre_treatment","mech","pre_treatment",190,"0190-00027",40.2003374938034,83.3916891384849,48.2066473399339,0.482066473399339
"mech","pre_treatment","mech","pre_treatment",190,"0190-00102",117.339780534096,198.626478057813,59.0755984204393,0.590755984204393
"mech","pre_treatment","mech","pre_treatment",190,"0190-00104",82.9230941647448,163.224835275323,50.8029884207708,0.508029884207708
"mech","pre_treatment","mech","pre_treatment",190,"0190-00110",35.8145016861853,121.834889813638,29.3959322661744,0.293959322661744
"mech","pre_treatment","mech","pre_treatment",190,"0190-00111",89.8493501653571,189.182479850832,47.4934836651904,0.474934836651904
"mech","pre_treatment","mech","pre_treatment",190,"0190-00113",84.8400807428374,166.478378078742,50.9616213960887,0.509616213960887
"mech","pre_treatment","mech","pre_treatment",190,"0190-00116",38.9012268176841,177.596469846993,21.9042793199657,0.219042793199657
"mech","pre_treatment","mech","pre_treatment",350,"0350-00002",127.148917578807,170.780373505483,74.4517153633731,0.74451715363373
"mech","pre_treatment","mech","pre_treatment",350,"0350-00005",63.9035296095852,195.930291547566,32.6154414944416,0.326154414944416
"mech","pre_treatment","mech","pre_treatment",350,"0350-00101",47.9143564662771,222.107329108559,21.5726138613184,0.215726138613184
"mech","pre_treatment","mech","pre_treatment",350,"0350-00102",55.9210908234588,129.053555237144,43.3316933583893,0.433316933583893
"mech","pre_treatment","mech","pre_treatment",350,"0350-00109",94.4857111612798,155.506953711399,60.7597981352223,0.607597981352223
"mech","pre_treatment","mech","pre_treatment",350,"0350-00111",134.280636169319,261.432640048081,51.3633784001196,0.513633784001196
"mech","pre_treatment","mech","pre_treatment",350,"0350-00113",60.3010386578489,170.082673007261,35.4539575323318,0.354539575323318
"mech","pre_treatment","mech","pre_treatment",350,"0350-00116",138.998033579723,214.921523976454,64.6738544413779,0.646738544413779
"mech","pre_treatment","mech","pre_treatment",350,"0350-00117",41.6919888295817,205.418260389002,20.2961454111379,0.202961454111379
"mech","pre_treatment","mech","pre_treatment",350,"0350-00119",68.949933159602,210.362253608149,32.7767610286388,0.327767610286388
"mech","pre_treatment","mech","pre_treatment",490,"0490-00008",43.1965378250627,120.274499716841,35.9149594691803,0.359149594691803
"mech","pre_treatment","mech","pre_treatment",490,"0490-00033",39.4772672268053,151.624442149152,26.0362159736566,0.260362159736566
"mech","pre_treatment","mech","pre_treatment",490,"0490-00035",45.5045838922553,193.766485541932,23.4842386519973,0.234842386519973
"mech","pre_treatment","mech","pre_treatment",490,"0490-00041",177.018951855099,277.980877133385,63.6802623549387,0.636802623549387
"mech","pre_treatment","mech","pre_treatment",490,"0490-00042",57.9205181694408,128.214528397784,45.1746918958693,0.451746918958693
"mech","pre_treatment","mech","pre_treatment",490,"0490-00102",152.028307053951,211.72751034355,71.8037570116748,0.718037570116748
"mech","pre_treatment","mech","pre_treatment",490,"0490-00103",122.559739926094,303.134609254161,40.4307974690329,0.404307974690329
"mech","pre_treatment","mech","pre_treatment",490,"0490-00104",253.89612833635,354.656520519382,71.5893022252989,0.715893022252989
"mech","pre_treatment","mech","pre_treatment",490,"0490-00105",96.6653346770609,189.127897735692,51.1110924587931,0.511110924587931
"mech","pre_treatment","mech","pre_treatment",490,"0490-00110",63.3956704596157,168.045298600817,37.7253460748157,0.377253460748157
"mech","pre_treatment","mech","pre_treatment",490,"0490-00115",208.542646774427,363.714049169968,57.3369786650645,0.573369786650645
"mech","pre_treatment","mech","pre_treatment",490,"0490-00117",79.0899577372488,185.544009192073,42.6259829577013,0.426259829577013
"mech","pre_treatment","mech","pre_treatment",490,"0490-00122",55.2050225788105,237.720576323862,23.222652171094,0.23222652171094
"mech","pre_treatment","mech","pre_treatment",490,"0490-00124",57.1389328356809,168.752729668254,33.8595606411871,0.338595606411871
"mech","pre_treatment","mech","pre_treatment",490,"0490-00125",52.4168085518973,96.7610040202743,54.1714186232652,0.541714186232652
"mech","pre_treatment","mech","pre_treatment",490,"0490-00126",66.6137506356846,192.386110003107,34.6250312117692,0.346250312117692
"mechburn","post_18","mechburn","post_18",180,"0180-00004",262.565913368715,290.805886049519,90.2890642743057,0.902890642743057
"mechburn","post_18","mechburn","post_18",180,"0180-00008",67.5269802635267,118.685251272738,56.8958480850749,0.568958480850749
"mechburn","post_18","mechburn","post_18",180,"0180-00010",44.5935937585045,45.8938915639008,97.1667301222739,0.971667301222739
"mechburn","post_18","mechburn","post_18",180,"0180-00013",97.5524032702484,97.5524032702484,100,1
"mechburn","post_18","mechburn","post_18",180,"0180-00018",53.1456670168692,85.4260936720893,62.2124514096015,0.622124514096015
"mechburn","post_18","mechburn","post_18",180,"0180-00102",168.438555443986,291.459694160136,57.7913717810468,0.577913717810468
"mechburn","post_18","mechburn","post_18",180,"0180-00107",250.054238675698,276.557824746967,90.4166204317239,0.904166204317239
"mechburn","post_18","mechburn","post_18",180,"0180-00108",136.614329222879,210.211308296124,64.9890485579546,0.649890485579546
"mechburn","post_18","mechburn","post_18",180,"0180-00109",43.7231225420217,155.32526717728,28.1493947099531,0.281493947099531
"mechburn","post_18","mechburn","post_18",180,"0180-00111",90.7095421083573,180.289723510368,50.3132071768588,0.503132071768588
"mechburn","post_18","mechburn","post_18",180,"0180-00114",174.480013406111,300.466215189861,58.069761119685,0.58069761119685
"mechburn","post_18","mechburn","post_18",180,"0180-00117",54.4636127904212,54.4636127904212,100,1
"mechburn","post_18","mechburn","post_18",180,"0180-00121",49.1380269883606,281.973763206799,17.4264535925361,0.174264535925361
"mechburn","post_18","mechburn","post_18",380,"0380-00004",101.657529813437,215.648933994351,47.1402885840835,0.471402885840835
"mechburn","post_18","mechburn","post_18",380,"0380-00006",79.3364287796239,126.177738810213,62.876724157306,0.62876724157306
"mechburn","post_18","mechburn","post_18",380,"0380-00010",42.2822342659986,108.107904553435,39.1111403376609,0.391111403376609
"mechburn","post_18","mechburn","post_18",380,"0380-00015",132.796342874913,155.50330456084,85.3977626070045,0.853977626070045
"mechburn","post_18","mechburn","post_18",380,"0380-00102",132.871839558607,189.790880933168,70.0096015705809,0.700096015705809
"mechburn","post_18","mechburn","post_18",380,"0380-00104",65.2590037826012,152.939241393067,42.6698885048605,0.426698885048605
"mechburn","post_18","mechburn","post_18",380,"0380-00107",86.4981954086134,156.029242516552,55.4371693494812,0.554371693494812
"mechburn","post_18","mechburn","post_18",380,"0380-00110",123.314037474235,128.462095767404,95.9925468579541,0.959925468579541
"mechburn","post_18","mechburn","post_18",380,"0380-00112",84.4996549228968,142.12428224097,59.4547628248555,0.594547628248555
"mechburn","post_18","mechburn","post_18",380,"0380-00114",234.361869420602,234.361869420602,100,1
"mechburn","post_18","mechburn","post_18",380,"0380-00117",207.16133862964,207.16133862964,100,1
"mechburn","post_18","mechburn","post_18",380,"0380-00118",121.274460127642,154.923511995924,78.2802161952234,0.782802161952234
"mechburn","post_18","mechburn","post_18",380,"0380-00119",215.627111841449,223.477748047751,96.4870613406107,0.964870613406107
"mechburn","post_18","mechburn","post_18",380,"0380-00120",201.908887181851,281.697751733619,71.6757183680973,0.716757183680974
"mechburn","post_18","mechburn","post_18",380,"0380-00125",80.9374389772964,226.868754682004,35.6758863029614,0.356758863029614
"mechburn","post_18","mechburn","post_18",380,"0380-00126",120.004577253862,120.004577253862,100,1
"mechburn","post_18","mechburn","post_18",570,"0570-00013",40.0609396828262,130.156803940122,30.778982327544,0.30778982327544
"mechburn","post_18","mechburn","post_18",570,"0570-00017",189.779708037728,211.4328788694,89.7588440608391,0.897588440608391
"mechburn","post_18","mechburn","post_18",570,"0570-00023",134.418210155616,207.053915144673,64.9194245188242,0.649194245188242
"mechburn","post_18","mechburn","post_18",570,"0570-00101",123.020071910024,180.06360454062,68.3203428165699,0.683203428165699
"mechburn","post_18","mechburn","post_18",570,"0570-00102",38.1840051518655,86.8579046865226,43.9614624479773,0.439614624479773
"mechburn","post_18","mechburn","post_18",570,"0570-00103",112.826759247262,150.22106418707,75.1071494918709,0.751071494918709
"mechburn","post_18","mechburn","post_18",570,"0570-00104",57.1328614731073,89.6246287620673,63.7468319392227,0.637468319392227
"mechburn","post_18","mechburn","post_18",570,"0570-00105",69.1963580175431,152.468682242043,45.3839811560083,0.453839811560083
"mechburn","post_18","mechburn","post_18",570,"0570-00106",212.634231966834,260.96020583027,81.4814777181518,0.814814777181518
"mechburn","post_18","mechburn","post_18",570,"0570-00107",124.980797745346,197.163049949722,63.389564006652,0.63389564006652
"mechburn","post_18","mechburn","post_18",570,"0570-00110",89.2041489777859,111.779820269564,79.80344642053,0.7980344642053
"mechburn","post_18","mechburn","post_18",570,"0570-00111",44.1700290659124,138.997845060416,31.7774919796157,0.317774919796157
"mechburn","post_18","mechburn","post_18",570,"0570-00113",131.164151273742,185.141405579709,70.8453902372865,0.708453902372865
"mechburn","post_18","mechburn","post_18",570,"0570-00115",51.8083832904544,107.134245030995,48.3583781035334,0.483583781035334
"mechburn","pre_treatment","mechburn","pre_treatment",180,"0180-00004",218.158855619239,288.68593301005,75.5696175925703,0.755696175925703
"mechburn","pre_treatment","mechburn","pre_treatment",180,"0180-00008",53.7654528922243,129.786942381157,41.4259338465086,0.414259338465086
"mechburn","pre_treatment","mechburn","pre_treatment",180,"0180-00010",70.2963818424241,150.812465471829,46.6117847901341,0.466117847901341
"mechburn","pre_treatment","mechburn","pre_treatment",180,"0180-00013",77.473339732706,119.448317187389,64.8592977757627,0.648592977757627
"mechburn","pre_treatment","mechburn","pre_treatment",180,"0180-00101",112.582744154201,301.322497654727,37.3628736753687,0.373628736753687
"mechburn","pre_treatment","mechburn","pre_treatment",180,"0180-00102",224.884576752843,339.43321118821,66.2529679890836,0.662529679890836
"mechburn","pre_treatment","mechburn","pre_treatment",180,"0180-00107",246.454927418988,282.720085193311,87.1727692252475,0.871727692252475
"mechburn","pre_treatment","mechburn","pre_treatment",180,"0180-00108",93.2492499854023,179.801207599499,51.8624158482361,0.518624158482361
"mechburn","pre_treatment","mechburn","pre_treatment",180,"0180-00111",37.7583279083368,204.470457452752,18.4663977274378,0.184663977274378
"mechburn","pre_treatment","mechburn","pre_treatment",180,"0180-00114",288.199589746924,383.700888645891,75.1104827419091,0.751104827419091
"mechburn","pre_treatment","mechburn","pre_treatment",180,"0180-00117",49.6863668084736,184.264284068596,26.9647300667214,0.269647300667214
"mechburn","pre_treatment","mechburn","pre_treatment",180,"0180-00120",44.3436188500748,102.922253939404,43.0845780701446,0.430845780701446
"mechburn","pre_treatment","mechburn","pre_treatment",180,"0180-00121",112.014410931012,226.903693324654,49.3664996323976,0.493664996323976
"mechburn","pre_treatment","mechburn","pre_treatment",380,"0380-00004",38.7169622272676,188.760102570053,20.5112000365114,0.205112000365114
"mechburn","pre_treatment","mechburn","pre_treatment",380,"0380-00006",126.477242346208,176.857773445914,71.5135330960657,0.715135330960657
"mechburn","pre_treatment","mechburn","pre_treatment",380,"0380-00015",90.808354157139,184.023073363131,49.3461784424977,0.493461784424977
"mechburn","pre_treatment","mechburn","pre_treatment",380,"0380-00102",134.229533888999,178.224887470962,75.3146969504295,0.753146969504295
"mechburn","pre_treatment","mechburn","pre_treatment",380,"0380-00103",158.106747604562,257.082431668231,61.5004092572927,0.615004092572927
"mechburn","pre_treatment","mechburn","pre_treatment",380,"0380-00104",193.03038940024,314.973706663285,61.2846041801813,0.612846041801813
"mechburn","pre_treatment","mechburn","pre_treatment",380,"0380-00107",64.3972678922813,205.099995402902,31.3979860242211,0.313979860242211
"mechburn","pre_treatment","mechburn","pre_treatment",380,"0380-00110",117.974649231039,241.559210418655,48.8388122425855,0.488388122425855
"mechburn","pre_treatment","mechburn","pre_treatment",380,"0380-00112",155.106149677627,308.140213043303,50.3362245861204,0.503362245861204
"mechburn","pre_treatment","mechburn","pre_treatment",380,"0380-00113",121.963055247529,233.784385727756,52.1690338162943,0.521690338162943
"mechburn","pre_treatment","mechburn","pre_treatment",380,"0380-00114",153.765253766993,273.26769833479,56.2690924335336,0.562690924335336
"mechburn","pre_treatment","mechburn","pre_treatment",380,"0380-00117",140.149188783197,210.883127049042,66.4582277133079,0.664582277133079
"mechburn","pre_treatment","mechburn","pre_treatment",380,"0380-00118",52.5806352156555,172.271936774241,30.5218808125211,0.305218808125211
"mechburn","pre_treatment","mechburn","pre_treatment",380,"0380-00119",85.7240634465121,185.015192934781,46.3335264994861,0.463335264994861
"mechburn","pre_treatment","mechburn","pre_treatment",380,"0380-00125",147.89999668962,334.720192798238,44.1861590282875,0.441861590282875
"mechburn","pre_treatment","mechburn","pre_treatment",380,"0380-00126",224.019786355548,322.40486960233,69.4839958936926,0.694839958936926
"mechburn","pre_treatment","mechburn","pre_treatment",380,"0380-00127",257.148714941153,330.523484890369,77.8004367908823,0.778004367908823
"mechburn","pre_treatment","mechburn","pre_treatment",570,"0570-00017",263.330815000216,311.081419852673,84.6501263640007,0.846501263640007
"mechburn","pre_treatment","mechburn","pre_treatment",570,"0570-00023",55.4518996185785,178.608043062078,31.0466979358289,0.310466979358289
"mechburn","pre_treatment","mechburn","pre_treatment",570,"0570-00103",36.2990303028619,230.18932774442,15.7692064434737,0.157692064434737
"mechburn","pre_treatment","mechburn","pre_treatment",570,"0570-00104",40.7408249750284,87.421930364672,46.6025227366658,0.466025227366658
"mechburn","pre_treatment","mechburn","pre_treatment",570,"0570-00105",46.1578687780717,194.668603300746,23.7109980733575,0.237109980733575
"mechburn","pre_treatment","mechburn","pre_treatment",570,"0570-00106",131.358067079629,217.132985803799,60.4965968636029,0.604965968636029
"mechburn","pre_treatment","mechburn","pre_treatment",570,"0570-00107",51.1518636080305,162.415039482058,31.4945363256715,0.314945363256715
"mechburn","pre_treatment","mechburn","pre_treatment",570,"0570-00113",35.1675638166536,166.899582881971,21.0710914966898,0.210710914966898
"mechburn","pre_treatment","mechburn","pre_treatment",570,"0570-00115",90.0125049586225,182.671996273813,49.2754810779534,0.492754810779534
"burn","post_18","burn","post_18",60,"0060-00027",0,90.4070113969824,0,0
"burn","post_18","burn","post_18",60,"0060-00101",0,103.607063036167,0,0
"burn","post_18","burn","post_18",60,"0060-00106",0,184.806641725829,0,0
"burn","post_18","burn","post_18",60,"0060-00108",0,12.6819637057612,0,0
"burn","post_18","burn","post_18",340,"0340-00026",0,81.7427975687073,0,0
"burn","post_18","burn","post_18",340,"0340-00108",0,124.085739468232,0,0
"burn","post_18","burn","post_18",340,"0340-00115",0,161.274130237324,0,0
"burn","post_18","burn","post_18",400,"0400-00002",0,85.8854274704697,0,0
"burn","post_18","burn","post_18",400,"0400-00023",0,80.6813685372738,0,0
"burn","post_18","burn","post_18",400,"0400-00119",0,96.8098550440407,0,0
"burn","pre_treatment","burn","pre_treatment",60,"0060-00027",0,56.8817566108277,0,0
"burn","pre_treatment","burn","pre_treatment",60,"0060-00101",0,76.1887622545748,0,0
"burn","pre_treatment","burn","pre_treatment",60,"0060-00103",0,112.951370535723,0,0
"burn","pre_treatment","burn","pre_treatment",60,"0060-00104",0,70.2404944810185,0,0
"burn","pre_treatment","burn","pre_treatment",60,"0060-00105",0,125.404528432227,0,0
"burn","pre_treatment","burn","pre_treatment",60,"0060-00106",0,134.436941332909,0,0
"burn","pre_treatment","burn","pre_treatment",60,"0060-00108",0,51.9344617442666,0,0
"burn","pre_treatment","burn","pre_treatment",60,"0060-00111",0,113.223392585149,0,0
"burn","pre_treatment","burn","pre_treatment",60,"0060-00112",0,113.952471746209,0,0
"burn","pre_treatment","burn","pre_treatment",60,"0060-00119",0,206.621920960029,0,0
"burn","pre_treatment","burn","pre_treatment",340,"0340-00013",0,133.288254172902,0,0
"burn","pre_treatment","burn","pre_treatment",340,"0340-00025",0,74.4424745303345,0,0
"burn","pre_treatment","burn","pre_treatment",340,"0340-00108",0,81.8454940925122,0,0
"burn","pre_treatment","burn","pre_treatment",340,"0340-00109",0,86.1548440381341,0,0
"burn","pre_treatment","burn","pre_treatment",340,"0340-00111",0,155.092448071189,0,0
"burn","pre_treatment","burn","pre_treatment",340,"0340-00115",0,77.573164562608,0,0
"burn","pre_treatment","burn","pre_treatment",340,"0340-00117",0,182.599224361123,0,0
"burn","pre_treatment","burn","pre_treatment",340,"0340-00121",0,172.578659126526,0,0
"burn","pre_treatment","burn","pre_treatment",340,"0340-00122",0,139.979525899279,0,0
"burn","pre_treatment","burn","pre_treatment",400,"0400-00002",0,92.2602426834873,0,0
"burn","pre_treatment","burn","pre_treatment",400,"0400-00023",0,49.2411316606315,0,0
"burn","pre_treatment","burn","pre_treatment",400,"0400-00105",0,177.007405906184,0,0
"burn","pre_treatment","burn","pre_treatment",400,"0400-00109",0,129.482352555328,0,0
"burn","pre_treatment","burn","pre_treatment",400,"0400-00118",0,111.962709416677,0,0
"burn","pre_treatment","burn","pre_treatment",400,"0400-00119",0,95.7162223929091,0,0
"burn","pre_treatment","burn","pre_treatment",400,"0400-00121",0,190.805700505511,0,0
"control","post_18","control","post_18",40,"0040-00012",0,172.749000708329,0,0
"control","post_18","control","post_18",40,"0040-00107",0,189.541273092469,0,0
"control","post_18","control","post_18",40,"0040-00108",0,156.016094676359,0,0
"control","post_18","control","post_18",40,"0040-00116",0,213.053278560418,0,0
"control","post_18","control","post_18",240,"0240-00005",0,132.892052461117,0,0
"control","post_18","control","post_18",240,"0240-00022",0,200.087691978344,0,0
"control","post_18","control","post_18",240,"0240-00110",0,96.9820273286144,0,0
"control","post_18","control","post_18",240,"0240-00112",0,161.734631160236,0,0
"control","post_18","control","post_18",590,"0590-00101",0,70.6294485300866,0,0
"control","post_18","control","post_18",590,"0590-00104",0,162.285570676356,0,0
"control","post_18","control","post_18",590,"0590-00113",0,187.872427598276,0,0
"control","post_18","control","post_18",590,"0590-00116",0,236.635743548163,0,0
"control","pre_treatment","control","pre_treatment",40,"0040-00002",0,144.562626056258,0,0
"control","pre_treatment","control","pre_treatment",40,"0040-00012",0,150.847765788784,0,0
"control","pre_treatment","control","pre_treatment",40,"0040-00107",0,132.420565985964,0,0
"control","pre_treatment","control","pre_treatment",40,"0040-00108",0,135.938612729319,0,0
"control","pre_treatment","control","pre_treatment",40,"0040-00114",0,165.011888091653,0,0
"control","pre_treatment","control","pre_treatment",40,"0040-00115",0,155.906327502801,0,0
"control","pre_treatment","control","pre_treatment",40,"0040-00116",0,195.643814801332,0,0
"control","pre_treatment","control","pre_treatment",240,"0240-00003",0,90.334845650073,0,0
"control","pre_treatment","control","pre_treatment",240,"0240-00005",0,84.8303584483195,0,0
"control","pre_treatment","control","pre_treatment",240,"0240-00022",0,150.27785280239,0,0
"control","pre_treatment","control","pre_treatment",240,"0240-00026",0,140.8182413777,0,0
"control","pre_treatment","control","pre_treatment",240,"0240-00101",0,212.983643425295,0,0
"control","pre_treatment","control","pre_treatment",240,"0240-00105",0,163.721706460618,0,0
"control","pre_treatment","control","pre_treatment",240,"0240-00106",0,169.216270184454,0,0
"control","pre_treatment","control","pre_treatment",240,"0240-00110",0,84.9270779397298,0,0
"control","pre_treatment","control","pre_treatment",240,"0240-00112",0,115.313907670818,0,0
"control","pre_treatment","control","pre_treatment",590,"0590-00009",0,114.920277980663,0,0
"control","pre_treatment","control","pre_treatment",590,"0590-00101",0,55.9165049180725,0,0
"control","pre_treatment","control","pre_treatment",590,"0590-00102",0,113.899042612241,0,0
"control","pre_treatment","control","pre_treatment",590,"0590-00104",0,88.1227277313698,0,0
"control","pre_treatment","control","pre_treatment",590,"0590-00113",0,207.236249615903,0,0
"control","pre_treatment","control","pre_treatment",590,"0590-00116",0,102.166615216661,0,0
"control","pre_treatment","control","pre_treatment",590,"0590-00117",0,61.4193947913614,0,0
"mech","post_18","mech","post_18",190,"0190-00106",0,61.671812037115,0,0
"mech","post_18","mech","post_18",350,"0350-00101",0,135.618109921158,0,0
"mech","post_18","mech","post_18",350,"0350-00103",0,215.215617411134,0,0
"mech","post_18","mech","post_18",490,"0490-00020",0,68.5188387723762,0,0
"mech","pre_treatment","mech","pre_treatment",190,"0190-00025",0,142.032893540654,0,0
"mech","pre_treatment","mech","pre_treatment",190,"0190-00106",0,77.707534885305,0,0
"mech","pre_treatment","mech","pre_treatment",190,"0190-00108",0,121.536433332692,0,0
"mech","pre_treatment","mech","pre_treatment",190,"0190-00114",0,124.110277442026,0,0
"mech","pre_treatment","mech","pre_treatment",350,"0350-00003",0,120.338422802987,0,0
"mech","pre_treatment","mech","pre_treatment",350,"0350-00103",0,226.072793903876,0,0
"mech","pre_treatment","mech","pre_treatment",350,"0350-00105",0,161.308608161744,0,0
"mech","pre_treatment","mech","pre_treatment",350,"0350-00106",0,129.373217503856,0,0
"mech","pre_treatment","mech","pre_treatment",350,"0350-00110",0,106.099493762353,0,0
"mech","pre_treatment","mech","pre_treatment",350,"0350-00112",0,168.709118266325,0,0
"mech","pre_treatment","mech","pre_treatment",350,"0350-00115",0,110.896794358135,0,0
"mech","pre_treatment","mech","pre_treatment",490,"0490-00004",0,140.851017406159,0,0
"mech","pre_treatment","mech","pre_treatment",490,"0490-00018",0,89.9116048818426,0,0
"mech","pre_treatment","mech","pre_treatment",490,"0490-00020",0,150.353179845525,0,0
"mech","pre_treatment","mech","pre_treatment",490,"0490-00120",0,174.429878372177,0,0
"mechburn","post_18","mechburn","post_18",180,"0180-00101",0,81.8324190036707,0,0
"mechburn","post_18","mechburn","post_18",180,"0180-00110",0,21.0789011695712,0,0
"mechburn","post_18","mechburn","post_18",180,"0180-00120",0,15.0678941095527,0,0
"mechburn","post_18","mechburn","post_18",380,"0380-00002",0,107.299136272706,0,0
"mechburn","post_18","mechburn","post_18",380,"0380-00103",0,17.7054407416794,0,0
"mechburn","post_18","mechburn","post_18",380,"0380-00113",0,234.719753974491,0,0
"mechburn","post_18","mechburn","post_18",380,"0380-00127",0,19.5167056261091,0,0
"mechburn","post_18","mechburn","post_18",570,"0570-00011",0,107.333666790489,0,0
"mechburn","post_18","mechburn","post_18",570,"0570-00025",0,44.2888975511976,0,0
"mechburn","post_18","mechburn","post_18",570,"0570-00112",0,135.460469475833,0,0
"mechburn","post_18","mechburn","post_18",570,"0570-00119",0,124.232080289321,0,0
"mechburn","pre_treatment","mechburn","pre_treatment",180,"0180-00018",0,76.7224628099239,0,0
"mechburn","pre_treatment","mechburn","pre_treatment",180,"0180-00109",0,152.954135736189,0,0
"mechburn","pre_treatment","mechburn","pre_treatment",180,"0180-00110",0,36.9035175331638,0,0
"mechburn","pre_treatment","mechburn","pre_treatment",380,"0380-00002",0,108.85378754351,0,0
"mechburn","pre_treatment","mechburn","pre_treatment",380,"0380-00010",0,138.432863362222,0,0
"mechburn","pre_treatment","mechburn","pre_treatment",380,"0380-00120",0,227.881896126512,0,0
"mechburn","pre_treatment","mechburn","pre_treatment",570,"0570-00011",0,92.3284059414851,0,0
"mechburn","pre_treatment","mechburn","pre_treatment",570,"0570-00013",0,128.476580040207,0,0
"mechburn","pre_treatment","mechburn","pre_treatment",570,"0570-00025",0,83.1963031116014,0,0
"mechburn","pre_treatment","mechburn","pre_treatment",570,"0570-00101",0,126.859533202356,0,0
"mechburn","pre_treatment","mechburn","pre_treatment",570,"0570-00102",0,119.178063640643,0,0
"mechburn","pre_treatment","mechburn","pre_treatment",570,"0570-00110",0,125.826528464854,0,0
"mechburn","pre_treatment","mechburn","pre_treatment",570,"0570-00111",0,112.172346817812,0,0
"mechburn","pre_treatment","mechburn","pre_treatment",570,"0570-00112",0,179.311495200676,0,0
"mechburn","pre_treatment","mechburn","pre_treatment",570,"0570-00119",0,131.418112776007,0,0
